id,name
7827c4ae-c613-4991-a60b-3e60fc272045,Kristin Frank
ea352b6e-a67c-4af2-9147-186f46bf9ef5,Andrea Callahan
a16e26e9-70ff-4d08-b48e-4b4503589ce1,Johnny Ryan
815e9097-b1e7-48b2-9cd5-c0a717366b0f,Brittany Brown
3a40d48d-35ee-43ba-b55e-1dfcca79f8cb,Suzanne Farley
a91b0a98-999e-4f15-9e1a-cd7347f6e886,David Webb
a85a6cc4-fb39-489f-8acf-975b8d54db3f,Christine Gonzales
9cdeb6ac-e271-4363-a1db-1ce9e8274bfa,Michael Dean
2592f3ed-befa-47a2-accc-73bbc03b7ddb,David Grant
146ad518-80fd-4b41-81a8-04e588fbd212,Steven Flores
60176d4b-5b5b-4588-9d54-34d7ba337940,Jennifer Singh
c685aa78-b3d2-4c79-90fa-b32c63847ae5,Christopher Ellis
bf823ffe-6be4-4525-b43a-c8ad19f5c249,Teresa Evans
6a9d2400-c4b0-427a-8861-4bb832995259,Cheryl Campos
9f2b3439-4533-477d-9562-736b017f3bea,Terry Obrien
1560c665-8a04-4ab5-81f2-dfb56ad2f864,Benjamin Gilmore
02b90d3a-ab63-4f4a-8b10-583f499a3504,Rachel Rodriguez
7437f27f-e09e-4178-90d9-a29d5fdff914,James Grant
8654e43f-c14f-4100-89a9-75e4e2d4070b,Jeffrey Love
5a3efe72-b2ec-419d-af88-6ec6e88f9b2b,Laura Hernandez
35660f9a-3c4f-4401-a59b-09baa7dc5cff,Kathy Haney MD
91874a90-5211-4c0f-af97-c567a1357b9f,Todd Burton
1a0d7838-ce2f-4768-8d23-31b8d8794bed,Julie Robinson
1c4b4ef6-76eb-4856-84ce-e7a7bb611322,Patrick Richards
528a84ec-f391-4a4c-b62b-09a143116aa1,Lisa Ramirez
af62c62f-705d-43a8-8ba1-f8f9fbb39d99,Samuel Stout
09f6a0c6-2977-4492-9716-e707bf45d715,Dustin Clarke
0ac2bb00-82a8-47ff-82b7-884403ec8e16,Micheal Ross
81de7aec-6057-47c3-855a-52f6a0c8da98,Shirley Stone
ecf17122-29bf-4ee0-ab60-b468fed9d79b,Martha Pineda DDS
9c229f3a-d84c-41e7-9206-ac952f37fcc1,Kevin Jackson
b294ab4b-3496-4207-9dc6-7dbe80f77f2f,Lisa Townsend
5b681e85-529d-46f1-974b-9956223aa846,Christy Rios
ec4c5b30-ef48-4d8e-aa34-0394a53e548c,Christopher Hall
a01da440-85f2-4e71-a354-9189532c28aa,Allison Oliver
e354b7c1-1e0f-4206-83c6-eb3c3ad95e5d,Denise Anderson
6c656201-c81c-422a-abe1-ccf501ca68e6,John Lowe
ed2587b6-f1f9-4048-ae79-2c80bb92cef0,Patrick Thomas
01987aec-902f-4c45-9a0e-d6618ae7bc33,Andrea Randall
c9fd6686-da00-459a-9e64-da0b25a49c0e,Judy Alvarez
a35483e3-cbdd-4e49-bfc4-5b2d4ac92263,Rachael Hobbs
441122be-9651-4761-9394-cdabea4aaa55,Robert Skinner
1ec5feda-4335-497b-a69c-c639bf638161,Sarah Ross
8c4e4c0f-b11d-498a-8897-b01a9cea8b1c,Susan Castillo
149c584e-376d-4bd7-bb60-830e56e61f35,Chad Jackson
e3c93462-6386-46f9-9cee-35dc65fb697c,Leslie Cruz
86ad8172-7fbe-41ea-83aa-82d02d1420eb,Christy Acosta
49e70798-ecb0-4a04-b591-c373c169dbce,Maria Cherry
13536f2d-e647-4996-a753-affa27954e30,Casey Barnes
0c607802-d534-47dd-8347-368a6684c356,Joy Lam
72ca2166-4817-4e26-a62c-953ab25b6c62,Nicole Curtis
62b57e7a-4ca6-45db-971a-acacdfbc0b15,Melissa Lopez
6ab3219e-fddd-49d8-b9b3-5ee5d975b647,Susan Phillips
2687c9e7-56a0-47a8-9131-9b81d7face73,Joseph Boyer
5722b535-1a9b-4ffb-8c5c-028683cb0b23,Michael Mendoza
a7ca5f9d-a264-4018-9a56-1bcc636d6fbc,Martin Cook
5d3f177d-e5b2-4eaf-a847-daa954e222bb,Danny Walker
10fa48ca-cf3d-4407-afd3-6ac7a8fbb120,Daniel Small
010e3f8e-ab5a-40e5-8edd-3fe80564aa75,Karen Patterson
43e963dc-73f7-4cb2-b777-e276fddc2a99,Carrie Abbott
4c6afb66-d8d5-477e-a7d6-a8b3150e1087,Dr. David Murphy
71ad4642-b6c7-4906-8af4-c4201326bd39,William Davis
00accb41-cbc1-4cc9-90b1-b78edaf8ff6e,Brandy Ford
05f67fab-1aa4-4b59-a61c-449eb3ff8264,Carly Harris
5e545a78-3b9d-4412-83ca-d63efc0e6c73,Lisa Murray
0890bfc8-81fc-4983-bf7e-f8048343b02b,Ashley Mcdaniel
02a98404-aa3a-4b4d-882a-1e798c1265e0,Diane Marshall
bd8d77f3-3be1-4750-802b-2114bf04d8a9,Donna Garcia
1ce3b540-8f57-4914-8bc5-0f9538e09e7a,Scott Smith
2c00f805-e2a9-47dc-aa7d-5d1cb1bad89a,Wesley White
f74f4262-b06a-48ce-958e-aaee1fcb355a,Claudia Rodriguez
10f2fbdc-ca43-4477-9eac-614617ba995b,Matthew Jordan
11b29b5e-f2ae-404e-a330-70425dc3e808,Mr. Brandon Thomas MD
dddad8c2-3866-4ce4-81de-a20618b6ff45,Timothy Gutierrez
1f58d4b8-124e-4e0e-a2d2-a9a3d1e4f92d,Shirley Guerrero
9994b1b0-0838-48fb-a950-8131597e45cc,Lisa Mendoza PhD
4b06206e-78de-4064-b088-4d1c97c226f4,Courtney Harrison
4e7011e8-e903-45e9-98b6-442be06d0a2e,Christina Roberts
eccf3674-7d01-4432-90ea-a30fa4e2a103,Shawna Hill
9e7a0e9b-a156-4db9-8456-baa2153c5b74,Matthew Young
d00655f7-3ebb-452b-b6c5-f6ec1c37de1a,Allen Nolan
3d17593a-f339-4415-aa4b-e144fe23a690,Omar Tyler
a6b12585-b566-4a96-900f-697bb6aa1e32,Jesse Moore
5ed10d13-a641-4ff1-bf8b-47c535593d39,Philip Haynes
fb30b460-649d-438c-8e22-bca27ba1fe36,Derek Smith
edafc448-2010-4826-bc55-45357ecc2770,Michelle Roberts
c5448ee1-6b49-40c8-b329-b641f420e18b,Vanessa Schmidt
290b01dd-36a5-41dd-a435-ba80b9a3f9d8,Bethany Baker
fc711fe1-a789-49d0-91ee-a27c67ffad55,Stephen Miller
09e69607-b0cd-4af9-97a2-50a445ab6c59,George Farrell
889449e4-b09a-411e-91cd-51b8e8a0bd36,Brittany Johnson
31375c2c-d928-445e-9e34-5e3a0f611d6d,Nicole Hall
b87671d5-0d98-4b0f-a7e0-a55792a4e923,Francisco Parker
282aa23a-8f82-48de-997e-2dd48e7fad8a,Latoya Garza
7cd2afd9-98eb-4628-821a-d91326438b7c,Blake Matthews
dfed6f70-2152-4e75-8339-093ca90c007b,Amanda Hill
9248d506-f6a7-4ae4-8d35-15512aefefb2,Terry Rice
522106b6-ddc3-49e1-9570-2902450d692d,Alex Rosales
c9773c02-9502-4909-bdbf-ece97749cf4f,Sharon Evans
6e29c774-7bd9-46ac-8df7-148605551014,William Ayers
4a591173-e538-49e2-866e-1fd637dd34c4,Mary Gillespie
bfc3a255-1aa2-4463-a68f-d7ddd6f6332a,Chase Garcia
7e4ebc2c-0aea-4246-9643-c42fd68ab711,Keith Cook
0a794115-23c3-4999-93a7-fe31a5bee8cc,Shirley Kim
2f98b60e-76ab-4384-b5f1-2fca595db757,William Valenzuela
758fb5a2-be1c-4e13-b9ef-6ff57e921fdc,Cody Gonzalez
a464ea83-90c0-4fa7-a06f-38c8310bd316,Mark Jenkins
bb7b0966-e891-451f-900b-a4375f9562fe,Lori Butler
1f6ec72f-d2d9-45b9-b762-c7ece049e29b,Victor Ramos
2d221de7-3297-4587-bb66-bf7c95afa8ad,Kayla Brown
f4424487-3a55-4600-8cb5-ffff98b0333e,John Mcgee
cb1ff91e-75c2-426e-86ed-a23cda78ea17,Virginia James
d5cb82c9-7e73-4f1e-bb06-874a0022bf02,William Diaz
005496fa-71a4-452b-99be-b01c163bba59,Trevor Rodriguez
44d8fe6c-3995-456e-913a-97bfaac77a3e,Brandon Lang
ab615535-7946-4bda-8dab-c25395e82b5a,Roy Stewart
94df6e2a-887a-4db1-a945-e481b2dc274f,Danielle Gray
1c83e11a-ebb1-45ca-ad54-5eb90a201be3,Timothy Young
59ff1967-1cad-46d2-b1b4-01c3a055c2ac,Joshua Henderson
bb4c7d87-9552-4acc-9065-4c2527db804d,Christopher Barnes
c89aa3d3-34a6-4f8a-a0ab-008925328777,Rodney Gonzalez
be3e74ca-40c7-438b-a5f6-f0ff91f537a6,Lisa Lewis
7b26b74c-abf5-4b3c-b134-72a0ca9b330f,Andrew George
aeb1774b-c74d-4aa8-9d3d-de6ff797b91c,Lauren Hill
18374a00-883d-4357-b0c0-1317c04dabc0,Matthew Schmidt
e218311d-5a75-46c6-9b5d-cb675c560b17,Kenneth Moore
173d8241-85bf-4459-bf50-e67130c31f36,Heidi Randall
d0e93c97-c185-44a7-82d1-a77fa5ef28d7,Michael Ball
2e5d63f0-616a-4794-b4d1-692a4637f177,Charles Johnson
3d70a951-4a58-41ec-9f95-b0c77552a437,Scott Reyes
79f843b4-93d3-4af0-9148-cf258cff9626,Madison Mcintosh
dd401a79-d2a4-4688-9e15-9fa91c191091,Brittany Barrera
09a35ba4-a5a9-4208-b593-cdea52750ae2,Cynthia Owens
404f261a-f3e7-43d7-bb5d-6ae11f6b121c,Brenda Miller
38a33490-4911-45d4-97e3-2416efeb6a6d,Daniel Kelly
c058add5-b8ee-4752-8773-481085c76449,Kenneth Lynch
84f88f41-eae6-47f2-a677-bfe1d593cf39,Erin Rodriguez
4b8f4be0-dd39-4557-b25a-b59cb687e56c,Karen Freeman
ae55a6b6-97f3-4353-adef-75405595c29f,Heather Ritter
514d9a0c-4767-4f89-8d70-01dbe7dddb41,Alexis Graham
800e35bb-6b12-4a9a-9c0b-0e9efed02f09,Jonathan Rowe
a0789ec4-47b4-4d31-bf8c-251cbb043624,Cameron Martin
b6716355-2b69-4b7b-a9ce-91e3cbc78a5f,Christina Howard
834b51c8-575f-45c2-a4c8-85ea7706a5fe,Sandra Duncan
1da66604-0962-4c82-8c27-d5ab0d02699b,Brendan Hawkins
71aad2de-bff8-4680-b3c3-bff9b87f575b,Eric Schroeder
90744d7d-45ef-4ae6-9959-c513bd5e21b0,Stephanie Koch
12bfcbe0-a042-41f3-aae1-2fbfd6186a2a,Daniel Edwards
31c5032d-c9ef-4e9e-9693-f297edbe29a2,Brittany Reed
e7662d69-7722-480b-908b-e4559a3a3a32,Daniel Jordan
689b3d5b-899c-4c45-84de-d69ce3e288e1,Ashley Roberts
4ccccccc-61b8-4cef-b000-857c81be392e,Traci Maddox
0c9f547e-b388-4a75-83fe-975ee5c260df,Kevin Marquez
dcb4a78d-e0ee-4233-af8a-12c25c80f9c0,Christopher Villa
4acf40b9-e210-4b74-825b-ba1434109561,Ashley Bradley
14f780f3-8832-4323-adb9-5be5f65162b9,Richard Holloway
fb9e992e-0998-4238-ad9e-e81d2c68aa2a,Zachary Holland MD
9eedbaa1-0c6d-4afe-a103-a4a9834b7b01,Haley Obrien
10c2ac4b-a3f2-430c-9ab3-19899d8fcbba,Ashley Franco
bac8456d-1b88-4a47-b4d5-d04ab4330aa8,Leah Estrada
a2220b1d-fef5-41e6-a620-ab5b5098b43d,John Long
cd3cad9e-5b49-4aad-93e0-61b7192fea0d,Rebecca Carr
ed176c97-6a89-4152-94b2-5cd3a573b532,Brittany Rodriguez
05470ada-bb70-49fe-bbff-96bdcec34e10,Arthur Evans
20454e97-b9d4-46e9-8553-ca0589af5d8a,Emily Barnes
7ac9e5b6-d7c0-4ca6-9477-cb6426657de0,Frederick Wiggins
5baa60e3-682b-4be0-a2b0-e5ebf04ec1f8,Dillon Flores
6a83d5ac-d5bf-4843-8529-a10166c5c70b,Hannah Davis
96c746c9-bcbf-4ea7-9c29-c598bfcad754,Ann Yoder
9a225d1e-9b82-48f8-830d-9920e0c7f022,Kathleen Rice
f645a5fc-1319-4004-a879-34cf8389c89c,Henry Zamora
a5ee53b9-897a-4103-b117-dffd8dfbff88,Matthew Bryan
2fcea1ea-35c7-461c-ac17-556d4b61436d,Amanda Johnson
eac22079-eb0b-45ce-bd55-94bc4a347e02,Lawrence Clark
46e4b06c-fd1d-479d-9c52-cc5502afd470,Scott Chaney
881a18f1-dcd1-47e9-9a39-837408f3f57a,Stephen Barton
92e85abe-8626-446a-a055-2b53a9fb395f,Tracy Gibbs
23827856-b1f9-4439-ad87-23b4135be376,Justin Taylor
212a0929-2d06-4970-a1ff-e2ff5492bdd1,Dale Ellis
014dac1c-a5cc-45f5-adf3-be79c0475e4a,Jeffrey Gutierrez
c554eef3-992e-4101-94b6-fd0c9794e7d0,Elizabeth Montgomery
405b59fc-503d-4262-9ea6-17ffe99fb68b,Timothy Meyers
a55e8d5c-6a93-4fde-bfb4-80b21b7390a4,Erin Baker
b61c3c27-aefb-4a8c-9120-33e8ff95a540,Casey Miller
a0a53381-3838-4f83-94c6-24e5933a4c1e,Pamela Peterson
0e3a9258-1344-4f41-9ab1-633892970568,Dawn Williams
54dfcb61-e660-4b62-b8d9-c1cde1ff4de6,Stephanie Quinn
4fc876ef-e619-41ae-9c84-ccd8758b377e,Michael Williams
3d5510dd-6876-4d84-b95d-eeb0b54b9849,Sara Henderson
6527e42c-b9b2-4a9c-81c3-dacabe728d53,Anthony Murillo
00c991ba-e59f-4a89-9496-7f5674d4f74c,Douglas Shelton
db52164e-eb9f-4053-8144-ecc3a9171e7a,William James
295aa944-257d-475c-b0d5-eeafdf00c0bf,Jonathan Harris
dcdb05cb-ecb0-42f6-9497-be31b320e30c,Amanda Nelson
de08450c-b9d4-4a2d-97df-f745ce67b94a,Debra Wolf
e33fd941-ffdb-4103-84ac-2cf951023764,Chris Graves
0e6e5e48-8cfe-4aa0-b5fc-3e4e6670621a,Patrick Knight
6e4c9055-310b-4d7a-a74d-bca3d3b1949a,Kelly Holmes
86ae61e2-39a0-4bf2-b4ca-86a0659fff98,Kevin Hardy
e90c8cd5-8c9e-47af-929d-2d021a3bf01f,Sharon Sawyer
bca2ca4f-3002-49c4-8fa3-3a427e341de0,Amanda Martin
ce0be230-b462-4d28-a378-b471a0b39ab5,Anthony Dickson
3b405335-afff-4b33-b2f2-5f097e1415c6,Jonathan Anderson
f84c32cc-4247-4f83-a981-1ea5961de4b9,Chloe Payne
0a29b6c3-acb2-47cb-984d-d2de63542d41,Melissa Harris
4881400c-463b-4a28-a4ed-6b454622465e,Andre Sanders
635b0fad-56cc-45e6-a726-43182be73e88,Lynn Ramirez
ebeabfb9-d2c4-4d5a-841a-afc016c9ed0a,Stephanie Anderson
2b42c481-4e1a-48e1-94ff-e9a36c602891,John Brewer
f7f9a57b-72a8-452e-953c-e5c59dbf9d8a,Maria Adams
06044c19-1a93-4ac7-bcb2-9c20a0d884e0,Alyssa Martinez
7acf743c-ab38-4a77-834a-2ac096aafc86,Roy Young
c244b4a4-f56f-42af-b5aa-e36c266edf32,Richard Cannon
81fc9b1e-9140-4ffd-b029-f722b3b3fe43,Curtis Moore
12de09bd-a6bd-4105-a20b-b1e6c849ac84,Patricia Dickerson
4a551f45-c91e-4a35-ad57-1a1fc187d292,Patrick Shields
fc2a5154-042a-4fed-81d9-c18a252c3d46,Arthur Mendoza
df771b48-14ad-4e48-993d-00233a8d0d59,Michael Cobb
ec8088e1-53cc-463f-9b16-7bac88c43b58,Mikayla Rivera
3b37aa08-6b33-43ab-b18a-1b117f4b7467,Mark Mitchell
301a201d-35a5-4211-8c3a-e338f257b376,Robin Sanders
244a0b1f-7469-494f-b558-1d7b5856d0a4,Maria Moon
d955090c-65ef-427f-883f-6cc122a95e45,Sean Carter
41c53406-6daf-4c11-964e-663a5730bcbe,Shelby Gonzalez
e378aca4-7fcf-4188-b2b5-42b0a4dfdbf8,Dwayne Johnson
d9e53ba5-2116-4e5b-8677-a20bec7e87ef,Randy Lyons
456fe398-8c88-4765-b600-b71a7d229794,Nancy Austin
73f31683-50d5-4f61-a4d7-e664e1294697,Susan Lara
9fbda18d-66c2-45f3-afad-20420e328f12,Christian Schneider
86c69323-54d4-48f9-aefc-e5a95737c22f,Amber Franklin
00f74bd9-f6af-403b-ac17-1b55dec69023,Theodore Anderson
8877e00b-7b34-4cb4-85a6-49ae8cbf93b4,Renee Gibson
f153391c-67a3-4ec6-97e2-2efc9c51627a,Daniel Cuevas
fda67959-5e0d-48f0-ade8-e3dd89f26dc7,George Bennett
bf652391-5755-432a-b716-bda14202edfc,Kerry Tanner
ebc96611-6ec9-4b84-aeb4-4515c8406d37,John Lowe
61b0788f-1845-4f32-aa7c-231ea8200895,Connie Harrison
1823c16c-720d-4c9a-924f-dccda0bca9da,Melanie Pena
8072564f-cb6a-441d-b5da-690f4c85fdad,Michael Lucero
a8d73fd4-965e-41d2-a26c-3f08141c5a26,Janet Robles
22396c6b-ba72-4918-9f18-67d0991fcbb3,Tina Collins
4267774d-c908-45cc-b848-9aab6565ee33,Ryan Mclaughlin
951f21bf-18cf-46cf-bd0b-f9143384d322,Tamara Wallace
a7903340-5913-412c-80a9-2476cc2e1c7e,Julie Barnes
0f00642c-34d6-48cf-94b3-2e638023ef68,Taylor Blackburn
fe0c36b3-f455-465c-8cb0-464c7ceee755,Richard Martinez
a656edbe-3ff2-465c-aef1-cf7b47411f61,Richard Martinez DVM
374b0d1e-900b-4bf2-9071-bbd43dc24866,Jessica Robinson
2cc1f668-ab17-47dd-8e3b-567d6ffc0d0e,Darryl Green
8649cee8-6bcb-46fc-a45e-ac122e2fa6b2,Bonnie Jones
c9a7a66f-a217-4d4e-a9ea-1b1a4f174970,Gerald Odom
ad7ce092-6942-430a-8814-66a93542940d,Dustin Macias
f3527cf9-e8bd-4935-9390-37ddac1a4cce,Scott Harrison
43e229bf-f68c-4c21-b6d6-53c68e7d83a0,Rachel Watson
1a8cb1cc-612d-4601-8644-84918bdfb11f,Julia Henderson
53cc04a3-e73d-41e2-b4e8-f4cc5a4b414a,Ronnie Knight
bdf59c06-2789-43e4-b033-f31083298523,Katelyn Alexander
1f58eb69-66d2-4db3-a3d1-a232f914a5e3,Barbara Jefferson
6ea9cd40-55e5-4501-bd1e-a409bd140afd,Michael Bryant
0872cd96-36cc-45d6-a609-7c2778a4e03d,Jon Heath
a62abb33-ce30-42e1-94b4-3a6eef116d36,Sonya Moore
4cac87f1-907a-401f-a39d-0ceb74483f8d,Beverly Parker
538f7e6a-da64-4761-945c-a69f4421be3d,Sandra Ibarra
176904de-db43-4636-a211-05a19ba198f8,Harold Jacobson
832e2765-8a75-4d1d-9220-9e1a74825152,David Mann
9a2ce60e-5080-43fb-99ff-dddb5627789d,Barbara Pearson
566e4e9d-b823-4d5c-95cf-b22c5d8f355a,Matthew Grant
347a5cfd-f2d1-434d-a6ed-4516290d62c4,Marc West
c0070447-543a-4756-96f6-42ca459f9479,Martin Barnes
44019b81-ea61-4b29-bf6b-2dd5f7e14bb8,Debra Hall
90115cdd-bbea-4ca3-bd4b-05f1457f412e,Joseph Mcintyre
379afb93-8f6c-4418-a3ca-fe519920c705,Steven Brown
72dc964c-efc9-49b8-8177-724f133b2f03,Holly Lee
94dc3cdc-4b62-4e96-a02d-de548bf56413,Brian Velasquez
db18230d-3612-4559-a852-9751cd8fb3ee,Jessica James
2e302a16-cc5d-4a54-b93c-bb4d22054ac9,Donald Weber
c998aa52-4939-44b6-801c-e61fc853bea5,Benjamin Thomas
16287a9d-d93f-4529-ab8d-276edf7fa395,Brian Church
9eb404e1-6910-4e22-81b8-fa80933cfcf2,Joseph Griffin
c7abaf3c-915e-4449-a2b5-268b731389be,Kathy Harris
f4a28b83-c738-46b5-bacc-cb5b1632a790,Lisa Mason
46ce4a44-e57e-4f45-9456-b206978b67b6,Michael Walker
707de5f9-f4db-4d80-bdb9-717491f20fd8,Barbara Ward
b0d40c90-d81c-4433-b6db-3565795c5049,Alex Taylor
3a2dc6b0-a578-4adf-b434-48b89838f601,Pamela Harris
311469c2-0ea0-4d35-a144-21d687f7ac94,Jacob Brown
6d9bb497-2327-42ef-b167-2829315abc6f,Derek Marshall
9b88d6d1-a954-41f2-ab35-d95628e1b172,Ryan Austin
02a9da04-411c-414e-bbd9-3b7691755072,Jessica Valdez
1d13a16c-e686-47a9-8422-ee76e144c5be,Sarah Harris
388aec7f-3a6f-4a44-b26e-05980ab309f2,Ronald Tran
47f6040b-6d3d-4082-842c-54ebb967199e,Jody Valencia
52d8cd65-7543-4a43-9b6b-847041134783,Kathryn Day
9801a103-616a-4b69-9790-deb13b671968,Brandon Shannon
3eaa99d8-f460-4250-bc8d-c1432c3aa9ef,Michelle Gaines
d897aaf8-82eb-436d-bc73-95da5124d034,Kelly Palmer
7997ee04-932f-4e9b-834a-0f8f6216f632,Kristin Mcintyre
5171291c-33a9-483a-afa8-70b94e2a9761,Katelyn Thornton
78741458-cf25-4259-965f-f165daaf4019,Stephanie Adams MD
23c5c97f-6958-4629-a0d1-635e9c8d7dd9,Brenda Hall
dcc884a0-d81a-42df-b654-d8797645550c,Katie Ruiz
b817b6ed-b25d-413c-b173-af3bde875f0e,Jeanette Johnson
00e06589-1bc0-42db-837c-b1d40b90ef44,Victoria Edwards
29375e6d-fae7-40c2-8dbd-a7d28f89f9ac,Jessica Taylor
85abbf5b-0fad-4d4c-8fc1-8c19f85fe90b,Kristen Mack
174e35af-0df0-4dfb-aa56-b83183ac47f6,Jessica Lewis
8a1873a6-2295-4c5b-b3f0-86c13c9f2253,Larry Gilmore
98b66d66-320f-4a3c-bac8-d283ac4d003e,Emily Bishop
afe01358-27fb-46a9-bf24-c6abddcaea06,Mrs. Shelly White MD
ff122bc2-5823-4282-9e8e-090076589cf4,Jeffery Harrison
de02e605-5e7c-438d-8df6-2bba35c8019b,Lisa Snyder
56d87238-fcdc-4fc1-87c4-e31c7e40546b,Jennifer Richardson
cf306591-a9ec-4c97-bf94-ce480d6a292b,Stephen Young
b863845e-b079-472c-a18a-7c93c732b634,Rebecca Rodriguez
a5c98410-d318-42e0-9247-0d4f090df104,Sarah Smith
0af0560c-0225-448c-8672-b12284242b8b,Karen Sanchez
8593fe8a-4089-4b3d-9d0f-c690418b1c0a,Julia Baker
aa35c5a5-03e2-41de-b792-735d29148458,Mark Barnett
f624ab6f-f4ce-4892-b096-47d401a648f2,Janet Griffin
40ede59a-27aa-4f3c-b3ad-42abb0c95b8f,Anthony Wells
c4bead09-1f7d-4302-a030-ba72aaefa6d4,Lisa Pierce
fd075361-cb1c-4008-80a2-1eea27ff9c7f,Shannon Alexander
7ab80494-02f9-45a7-a657-8ed2c641bf30,Gary Horn
2fb03dd5-157e-4391-af3c-d10405ad52cc,Cameron Smith
844abc49-ea67-45f8-9936-cd87e1b3d2c3,Jenny Harrell
7bda856d-1977-4a3e-a3aa-205615f65648,Ronnie Anderson
623a5502-05a9-4a5d-8f95-842f4b6f3ddd,Melody Wright
1fa24f36-c162-44b4-9ebb-91a451245f68,Tyrone Ryan
71c98ed7-bb5f-40c7-9a20-c446bef24faa,Robert Phelps
3af4b00c-7b0c-4207-ae8f-1e4298466289,Sharon Marshall
5cb966e7-ecbc-4795-bb21-95017c4a3324,Patrick Walls
a504fefa-3991-4f83-8743-74d8bc140dbf,Christopher Robinson
f69024ec-7aea-4a6b-82d9-b22d16625c20,Kimberly Schneider
f9a7b9b0-b43a-45b6-b742-0a8faad15448,Elizabeth Miller
28392dae-c36c-494a-8be7-8d4da0c3ae98,Troy Hayden
8d0ec7f9-52e4-414b-b8fb-b401da7ca314,Bruce Cole
a85869a8-434e-4d0d-a5ef-cde04edfbb77,William Oneill
fb3b9af5-1391-4071-b30f-246965621e8b,Samuel Thomas
93bfcbdf-f325-43bd-87c6-2e8273696be7,Sean Jackson
d7dde1c6-e03e-4fcd-b0eb-17cdc5470e50,Justin Duarte
e7488d4b-98c2-471d-908c-26c94a745afd,Lisa Lopez
f267466e-35b7-4170-98fe-a6d42682a7fb,Gerald Hicks
041dd6c0-c6dc-47de-a76f-1d2d38d75a8e,Kyle Jones
e32258ba-b1a8-4405-96f7-b67fc1642105,Don Duran
eff99001-a7f7-4132-8628-f0a3b2bde20d,Donald Thomas
6ad72280-a0ca-42da-8344-c9b303d7d672,Jeffrey Silva
f8ab8965-c500-4569-9a9d-520cff697d41,Andrew Stewart
6ce75985-e1e4-4fd2-b5c0-7ed8662abc83,Veronica Buckley
ac5362a2-b8a7-4dfc-8b47-9e23a89b0357,John Simmons II
4762dd49-a85d-42c3-af6a-6828e7164ec9,Carmen Arnold
24ed58ab-a65d-466d-a73c-53b6beaf5e03,Matthew Zuniga
db881544-dbef-4426-bfeb-657732f90840,Carol Christensen
a8a0882a-7c7d-4b1e-bf38-36890a8f54af,Donna Crawford
ba776539-ddd9-4074-9867-1924d0189a4b,Michelle Mendoza
cc75c687-6bf5-4e91-b916-f2bcb85af434,Krystal Mason
3ae511df-ceb4-4fa8-a928-1636750a64d3,Jennifer Medina MD
1ff535dd-3766-4c4a-b7f6-88f35097042a,Laura Reynolds
003d0e9a-5918-4961-9ee0-fd62f0baf3c4,Emily Liu
8919857f-1775-4050-90a3-1e3fd8e15ec3,Theresa Barrett
22ae23c6-c7ac-4ad7-a589-ac987ec1fa4e,Kevin Evans
d3534fae-7dae-474d-a028-80596ab54430,Jeffrey Barry
95de8be3-a68b-4655-8eef-92c97e2f727a,Darren Weeks
afa9722b-977d-4b68-87f2-b13a45bf47e2,Gina Green
692a2fe8-5e91-4de2-b1d5-ffbef793c8d1,Daniel Smith
0aabbbd2-706b-44ac-bed8-90b6643eabda,Kathleen Lucas
ff2f3ab9-4812-480c-b14a-05a43b76d2b5,Kimberly Haney
446b3793-6eaa-4c52-b5eb-3bad80deb845,Raven Johnson
5be56483-4252-4272-8bd1-9eed39446d56,Melissa Pearson
787414af-0380-4e89-9643-8ea2297f85fa,Joel Young
166f0e6b-03a8-4925-8352-0b345a8dce39,Gloria Huynh
1f2e6dcf-063e-4406-866f-33d74a2d5984,Jacqueline Lewis
4920b64c-790a-4fdb-b17c-0ab9946baab2,Madeline Smith
9ccff4d8-1272-4f51-849d-0a085d2e9c9d,Barbara Smith
2a9ba8ed-57f6-43bc-97b0-90fd4f526ce8,Harry Smith
64a9bfa9-76b3-459f-9aef-0af9e761f6c4,Darrell Logan
c8b95d54-7fcb-4624-8900-e339e0b679ad,Cheryl Wilson
ae264054-8454-4296-972e-7c4729dff82f,Sydney Eaton
37960516-b267-44aa-b3bb-ab062417dd79,Nicholas Jones
ca402f94-b11a-4fee-94f7-503cc0108293,Ashley Meyer
1ad22b60-7a7c-4483-8351-ae6072cf1c5f,Maria Nelson
897d8171-b85e-4895-85da-adbbaa76359b,Alejandro Adams
8e7e4d2b-c312-42c0-9da7-f0b6268404b2,Peter Green
095b69a6-a42a-40ac-8e9e-2ccf02c4625b,Steven Wood
16d5b7fd-db3f-44bd-bf03-d767383397ae,Nicholas Mason
9dc28b26-9e8f-4348-897a-a4392cb46844,Thomas Horne
053550ff-ba7e-4c84-a883-6c9765c54d2b,Emily Bennett
97b77c7a-b004-4e82-89b8-853652388b5b,Janice Bond
795f1f2f-b2ef-4f73-9f7b-dc226b898923,Michael Morris
57c80b87-0f13-41ab-8f0d-5082dc07ed07,Jorge Ellis
fa18c854-8301-4950-b16e-62328eb56733,Sarah Yang
71a86c4d-c70d-42bf-830c-c206852e699d,Nicholas Meyer
22c032e4-eff9-47d4-a6fa-6a3f38f2533d,Kristin Payne
d94519f2-fa9d-4b77-91ec-aca4984b431f,Christina Williams
3fd99b2f-e6ef-4c84-9e3a-af6376f4e10e,Ryan Jones
82bc7ae7-4f99-42af-a6c4-d52908ebdfe0,Nicole Bishop
47ebf405-1b4e-4325-99ce-20d512a3f887,Edwin Marquez
ad741696-9ae2-4fbc-adc0-20caac241f2d,Rebecca Bradley
04884dc5-3afb-458e-9162-bc375c40c398,Jennifer Cantu
c7518c75-57a1-400f-af2c-4c09296f0f31,Steven Edwards
7915fa89-d32a-413e-9f64-aa2838b4824f,Sandra Farrell
964ed0bc-9ede-4eff-977b-b3411b5d07dc,Michelle Herring
b7370329-495c-445a-9ede-a32030bd2fdf,Grant Poole
6fccbf16-edad-479d-ad76-3a68690b44e7,Christopher Moore
24f17027-214c-4a32-bb55-e22e3d1a83a8,Alec Ayala
29bb328b-a4fa-49b4-81b3-df46a2a35f5c,Linda Thompson
c6fec232-adcb-480f-a94f-2bffa6d2b80c,Michael Hernandez
a4fe8d90-62dd-4e43-870c-0ee453170572,Clinton Knight
3f5e0120-3200-4711-9508-cab78274c7f2,Jason Parker
75e75530-b5b0-4e2f-9f04-b150a2b9ff7b,Wyatt Carter
cb162a22-3916-4986-9b26-55ba263d222c,Philip Sanchez
121b39e9-ba58-45f3-b1c9-e5031454d1c6,Brent Shelton
0909e3ae-55f2-4e9b-8e9c-7e4d59364a17,Raymond Garcia
f0234ca4-bdda-4f79-a5eb-f97c29e634f3,Michael Fernandez
de83088f-9dbc-46eb-8ed9-a26a70973699,James Santos
f05f3c6e-074e-4fe7-91bb-3fc4c5edfc21,Diana Rogers
076fb9a2-2236-4c7d-a6ca-6eb1f64d43e4,Valerie Bonilla
6243d8b7-2f18-40b7-b4db-88ccf6f827c0,Matthew Rowland
886b8bf3-f4c4-4e87-8b9d-be69b598041e,Jennifer Patterson
36d611ab-2907-422d-ac37-2449f7ffbeac,Nicole Hall
43be9d0a-63da-4f5f-997f-da0a6ef6bffe,Katherine Lutz
4c820b4d-7515-4093-a51c-5f8b6d58ded1,Anthony Green
dfc42811-ba71-4f46-968f-fdc854da5b6e,Vanessa Hernandez
fc2ba023-ad4b-4fbc-b831-c89b41e81f9b,Shawna Williamson
1d035b06-9f08-4757-88a5-ccb21ccbdb03,Mindy Wagner
2b7e2325-99eb-4fc1-b9a1-ce901f06e0d3,Matthew Reynolds
c5ac1bb7-b289-4a77-9ce9-f0bd673ead8c,Robert Marquez
60c35c07-82cf-4d3b-afb4-59069efbc88d,Jessica Griffin
f02ca868-54a2-4382-a4e2-4fc3393bcd8d,Ricky Lawson
b6435a8b-3340-4c25-bcdb-0303328fbcd2,Timothy Bowers
32a169d0-c1db-4c5b-b98c-37e2f4e6d21b,Samantha Mills
75b0bfb1-aafd-4887-956c-824d764a5ed3,Karen Brooks
918206f6-9774-43c1-a204-5ce136481e1d,Kelsey Walker
6a91d5ce-4c54-4343-b9a9-4c6ea415bcd6,Carlos Lynch
41ed62bd-1e4c-43d5-9283-06c469142538,Angela Liu
fbb99c67-6996-46d5-a763-eba82e8bebda,Kim Gallegos
357caf31-02fe-432d-b65d-f28145f90aeb,Teresa Campbell DDS
be4fa003-1c8c-4ef0-af87-0806dd4df9ea,Sarah Robertson
484deace-7bb8-46a7-be8f-334886127eea,Kyle Saunders
735490a8-a976-4d4c-946b-648ef6637223,Gregory Moore
bee172e3-9435-4a0e-9162-6d8fed43cb6d,Emily Briggs
09d04f4c-6fbf-4829-9e64-788e1eb3d376,Teresa Williams
320ac09b-1df3-43a4-a396-3da58681dc69,Tracy Powell
0c3cf890-1092-4700-a505-c773de57c62b,Kimberly Gregory
c5dfb8cd-a392-46d8-822d-e3615763b4ea,James Jones
1fa83a8e-aa45-4e4a-99eb-ac62f3ca5b3a,Kevin Elliott
13c2abd2-0956-4251-b583-d7c912266657,Jordan Allen
cf67c8d3-4196-4e53-ae12-a544ff3aad25,Gabrielle Hill
1f201e28-1d43-4c34-b63c-bdc103e07005,Sabrina Hall
0f436c5e-a4aa-4899-943e-3f34c3ea8213,Ashley Elliott
7e60e6fe-5c32-443b-a93d-b19a6ccc5283,Sharon Sutton
5f094226-49c9-4f7f-84a9-ce739797573b,Jeffrey Torres
1bafda78-f5ef-440e-ba7f-633fc25a48ff,Jamie Howard
e12b57f9-24df-4f30-af7e-accdae5d1c0e,Victoria Russo
2c56838b-0026-4248-a9fa-ed3a17b1941d,Renee Price
7ebbed74-aa84-453d-b083-97fa1f6c2d03,Angela Clark
1a82fdec-a43b-4342-91b8-67464a101a33,Dawn Keller
372d9039-ffab-4ca5-b590-6abc6d3fe077,Emily Dunlap
01c7bd29-0181-4901-a2ef-49b4a4668413,Alexandra Colon
6e87948f-0ec5-4596-9774-cd6b27c71006,Andrea Rice
53405783-17d3-48da-a53d-082ad780e662,Christopher Wilson
aac985b9-0404-4ef3-857f-3aa447a29c47,Daniel Chapman
a738a014-9a9e-407f-80ee-db940d1bdfcc,John Roberts
96b551f0-26a9-4850-8a18-9f00d3fa3290,Brian Sweeney
24d0845f-ff09-43ef-87bf-bc09e0d33003,John Lowe
9a788ff1-4458-4dbc-83d2-d734355955ad,Emily Hall DDS
2fcb8723-2191-445c-9be7-b62499a585d4,Victor Bullock
caaac1c8-1f30-4afc-acb6-c4280ced3a44,Benjamin Jackson
3f032215-1395-43ff-a3ee-46f486dcadc2,Anna Fleming
cfb6a9a3-1e61-457c-a395-60d85a89ea14,Dana Simpson
4a7e0341-e0f3-4333-8958-c1533e5f7ceb,Michael Santiago
e925a76d-9795-4c4b-aebf-b66c6a908904,Amanda Bates
21fd783e-8897-4c5a-8efd-3ca3e0922f56,Matthew Morgan
b220680c-0671-4b57-9c52-908141a4b255,David Freeman
6fe9cca4-36a6-482d-a3cf-6009a5d015be,David Sharp
c5309d05-3f09-4077-9864-09fe8595c578,Adam Reynolds
6d9544d1-8fea-42cb-a080-4b3bcfb62f24,Joshua Smith
35e22fb4-cfc7-4d8d-b212-88a073a8a924,Eduardo Kennedy
7329e195-94cd-4a6f-8243-570a59a60e05,Sharon George
7728d61f-ddda-4c88-9666-2a7a9fa77e8b,Ashley Davis
d051a79b-305d-4637-9663-4c583ff0af9f,James Cook
58923cb8-6119-4e80-933e-0782eed836a2,Edward Mclaughlin
c5b2b129-037e-4bc3-9e0c-3c7ec495502c,George Shepherd
cfea3e74-cd91-4643-bc8d-8bc29ffdac23,David Thompson
75f1395e-d85f-40f5-8678-50770a7ac00b,John Anthony
7c27a02f-a710-461c-8de6-70d8124a5dc7,Kimberly Wilson MD
d7281ee9-1ab8-438a-8503-962816f7cca9,Veronica Farmer
499c5fbc-b4a5-471d-b3a1-043e8ac7d223,Brian Porter
13d0e890-716a-44cb-ab29-5a44628a66d0,Jesus Padilla
d8bfdb58-b098-4464-a81f-0ef6877d50d3,Theresa Pennington
276abb08-01ce-467a-b28e-4641b0d28b2c,Richard Li
af1a1cd7-009d-42e9-8db9-adf3bf5ad0fd,David Lewis
0d9727e5-ce1d-4f35-85be-83f7a3c69bed,Brandon Ford
11db5eb9-c14a-43b8-aaae-d63f14408294,Stanley Crawford
c298b368-da5b-498c-b392-3a2fbac7d901,Brendan Atkins
cb02b924-bbd5-43cf-8c5b-7aa7df1ebee7,Samantha Arnold
b17c10f4-d4f9-49aa-a11c-74ab656fafe9,Charles Johnson
5402e676-34f5-4d51-a397-c33dcc18ed4c,Erin Murphy
acc3c60e-ebc4-4cde-91d0-e744c4f08992,Brandon Small
daedcd7c-be05-4207-98ad-b524b9424142,Melanie Cervantes
d4fb4bf7-0823-46b0-bd24-dd0f6a50bda7,Megan Fischer
525af642-d753-4fc8-9f21-6a8a9115bbb7,James Graham
59e94aa0-6072-4e92-9308-4a103cc5cbde,Sarah Miller
c7318006-e97a-4fd7-ac60-ca529887eb59,Madison Mann DVM
f8ab46b2-40e1-4427-8b51-ab9c1e15387d,Mary Ryan
077934c6-fb0f-47b1-915a-175a4af720ae,Steven Reyes
ea596aef-2422-4674-b5ff-a9ed8d7c6428,John Evans
fbe15473-d24b-4daa-a0d4-816acc1a5d9d,Eddie Glass
da9715ec-e83a-48f3-8568-7d14fba6fa5a,Daisy Rocha
db9a02a1-f4ee-4aca-a2cf-f03a7c126137,Roy Torres
3d2ea352-223a-4f07-b79f-46e933a5b849,Jeffrey Foster
2828b655-56e2-43b1-8c28-e13122014565,John White
ca8e188c-67a8-4dfd-9a32-dd6f5805ee00,Jean Young
293a0406-8a59-424b-8653-dc8979765a1d,Sergio Johnson
df1c4e0c-8aaa-4ec1-b927-2140e2e19c6a,Thomas Fernandez
ec9f29cd-64a6-47d1-bc96-7ec604566e7c,Billy Burton
c92dc78c-3fb5-44c3-8185-d22ed6ac9908,Shannon Yoder
2543ff0a-7977-47eb-ba24-c14d677743bd,Nicholas Ballard
678a4c06-5db1-48bc-a3fa-fae2b3e05228,John Kelly
2458c1e2-6868-452c-b82c-9b6a8714d76b,Heidi Branch
147a89b1-3a0d-49be-842f-20d7a4ee26e3,Michael Ford
1a1e18e4-6823-4414-b358-e2353d7fdb4c,Henry Flores
0ceb113a-ec8d-4d4e-b222-f0d83b87c821,Shawn Burnett
605e022c-f831-4c12-9f69-d7cc052035a2,Sarah Smith
71b7cb16-77a1-4c13-a949-89ac2e6091c7,Kathleen Flores
9bdf928f-aa01-4e90-b87a-611fd95a583c,Michael Harper
1fcc601b-bc59-4238-a1d0-1e144a1e2482,Savannah Nelson
c431baa3-f3bf-4695-b294-3c0a6e25bf61,Carrie Welch
10db2494-1442-4d88-beb0-58bd39de9114,Jeffrey Ball
bcf4e4b4-0616-4766-9f79-5717a4a50e1f,Brian Cordova
7a4154d0-1174-4a3c-be3f-bcdc3257b1fa,Vincent Rogers
4828e7c3-f12b-4815-b153-adc197ef82ad,Stefanie Stewart
c0950787-1d74-44cf-89a5-cef4c146cc50,Sabrina Brown
4652ed6e-b2e1-4c04-b536-e57c06a44288,Diana Robinson
b23a4144-7548-491a-b617-80c6d504ae3a,Jennifer Castro
a2cf84ec-c368-4cf7-a3c1-de22c2faee59,Donald Robertson
dd4bd163-b3cf-4cbb-93e4-76610a6cc298,Kathleen Kane
209e4373-c41a-4b89-ba53-f02a44e4f3c1,Sharon Hardy
7603c12f-d940-419c-8cb4-4e011b11a2f2,James Brown
740fb627-ccbf-452c-a4e2-16aaca4654d9,Pamela Rodriguez
6e855965-f155-4c6b-b038-7bb2be4b0618,Jill Reynolds
1752d581-4040-46eb-b441-098651b3d0e4,Paul Thomas
06c62f6b-7254-4483-9c3c-a81a1592732d,Ryan Nash
fa38d50e-7079-4f69-9bb3-78fa27d3fb5b,Walter Saunders
802fa65c-e9ef-439d-9292-47227665eb92,Thomas Armstrong
34767203-3e53-4409-ab04-e94c2c33ce9b,Robert Patel
dc00d383-85aa-4826-800b-15b428a93f4b,Jill Barrett
6492ed6e-701c-4e9a-9a98-19a51d34a102,Valerie Parsons
e9539b68-9ac2-4525-8b69-1671fe1ac8b4,Melanie Davis
998d946d-6afa-429a-a5d8-739c372cf47d,Logan Livingston
c120bbfe-17d9-4705-b637-da5e629b2975,Sarah Smith
abfad2d1-2317-41bb-8019-f38d27f91804,Amy Charles
a5add9f3-a7e9-4856-b200-b0d3ba15f097,Jonathan Davis
8e8aefe6-8894-489f-84b2-2912aacfd541,Tanner Collier
9e6c7cbc-8fb4-42d3-b3b0-213a9502eb97,David Reed
0c6fa81d-9016-45ec-9d44-c918cac7da09,Amber Clark
6fbdfd92-3413-4989-ad49-a65c6cfbd1dd,Justin Turner DVM
7f6de779-0307-4921-b6dc-b7d1bd470b90,David English
29892caf-929f-47b9-8b0f-681579aae008,Jessica Richard
9f16cfbb-aaa3-47f3-82c3-8a563ff38ec8,Nicole Jackson
6c90b51d-0bc0-4ebc-b13e-7c888a6b8ad2,Casey Howard
efd6ec88-59d2-4c0d-809d-717b5e22f8d4,Tony Mendoza
9cc62c26-05bb-41f6-a394-ef67007866f9,Patricia Collins
aff7476e-dd3a-4b18-b081-d9bcf4f53f98,Janice Valdez
7d62937f-9a3a-4d7a-b4b6-f01cdfa1ca6b,Karla Vang
97fd0f96-3778-4d89-a664-4ac18817f6d3,Joseph Smith
8f7cb185-ad83-4749-b20d-f046e8ad14d8,Anthony Simmons
1149f609-9f70-42f7-9621-97ee7a1071f8,Jason Gibbs
2af64483-4970-4461-b378-71053b799c5a,Heidi Miller
f8faccef-f06c-4d60-8567-fa03cd11e666,Robert Cortez
afc6c54b-eb9a-4861-9e2d-e095d3f2989e,Pamela Davis
6c2acae4-0649-4c85-ab6f-dcfaad89ed47,Carl Sanchez
3228cbae-cef3-48a8-ba81-6fee0a90c935,Carrie Johnson
f608e259-750d-4b78-883c-d54ff4e15212,Richard Jones
6d2e0b8a-572e-42e8-8701-a08eb5d23991,Tony Garrett
6e0bd0bd-d961-4b1c-a326-08a96e87d1bb,Richard Goodman
5d331ecb-134f-460b-ad96-2d79ccf8b8b1,Courtney Roberson
689aefc1-c2bd-4a02-8ee4-01a93cbe3c8b,Anthony Rice
1e7e2c50-2db1-46c6-b9f6-f143feb7fe7a,Paul Barnes
13a31554-97a7-42dc-9f7a-4e6a89ec59e8,Sherri Hernandez
e60dbde2-f174-4b84-9e46-a320fd00380a,Kevin Tucker
1311038a-a8e2-4c0b-b488-44b963f43cfd,Lindsay Noble
00bd33bc-eb0e-45d2-93d1-ca140b491ad6,Melanie Roberson
766508fc-c68a-452a-8c76-89b10b41d4b0,Katherine Martinez
ea49c97f-9bc3-4182-b3d2-f59ad33b0baa,Brittney Baird
054be0c8-cd02-4a2a-950c-9720c77050f0,Lisa Mason
424c70ce-482f-412f-bd4c-9a18934189e4,Brian Bradford
0ff5f359-aae0-4a37-a088-e541ce39ef3a,Nicole Johnson
582a3e1c-7931-4d2a-8c9e-04fdee39b0bb,Stephanie Castillo
6211f00c-be63-4f7b-90ff-21155ff4a2a4,Sean Bates
2d9450ac-1e16-4613-9c5f-89f77df3ff93,Mark Smith
19060903-1abb-4c62-9ad0-f508b90c8c46,Miguel Evans
0de666c4-7a44-42d0-887e-8abac6828ecf,Theodore Boyer
b2150519-dbcf-4153-8bf3-0b19f78a767f,Sabrina Downs
5cd3e812-2d86-4cc3-b477-e02a042d5a08,Jessica Hernandez
d63ec36b-5b2d-44a8-a75a-7b8182079552,Jaime Hester
9f1d6a87-cd14-4013-9975-8adcbd1f2975,Tony Murphy
a8f4ceb7-cf44-4921-884e-37ef787b035b,Tyler Hicks
fb151a89-2b72-4e2f-9665-70b5ac47b14d,Vincent Carr
10982de4-e19f-465e-81a0-0a9fc2bd7987,Denise Clarke
f45b6357-60db-4f6f-b32a-20b20b126e42,Jimmy Bridges
715f9945-7cde-42bc-a1a9-539ce682f437,Jessica Bowman
f1f66422-d68e-46bf-9530-922afa7da5af,Amy Simmons
49ffd9e0-7adf-4425-a13a-bfcf57be727c,Kimberly Wood
bd02a842-667d-4003-8f79-814604921578,John Norris
0e745f5c-de20-4290-9784-a25ae80f0f8a,Joshua Proctor
a24d41df-d9cd-4b97-b124-0277719f516c,Regina Chen
9ef6227e-1a46-4d28-9aea-4529c8de75ff,Debbie Lopez
32f0164b-24e5-4d08-b33a-d6b68f34648e,Mark Olson
7ee51e24-6792-43f5-98d4-d5a1f9f450b2,Charles Pineda
7c3e77d6-1c04-464a-8fea-0e5dab661a06,Dana Smith
cddbb56b-f29c-490b-8ee4-89a6c171c54f,Cheryl Howard
8fbd9296-9012-4625-9908-e99de8865b70,Traci Landry
b5846a52-c587-4501-a411-0ad8c9428c38,Ernest Bowers
493caca9-16c3-4f35-84dd-b3309ab906db,William Trujillo
8c8098c6-ff20-4d98-ab02-7588aee825b3,Michael Meza
003dd54c-24b4-48a8-b0e1-af022471252f,Thomas West MD
5d1bf9b7-6ca9-4b15-af21-1d38d7e05e22,Melissa Martin
164926e0-980d-4713-8b0a-69632dc8eb70,Dorothy Schultz
5bee1066-d751-4dc2-a803-5a92011649b4,Mrs. Melissa Bernard
60d43d46-ec44-46fa-b496-023b536588e6,David Foster
e2986616-70e0-46af-874e-df5864523c2b,Ashley Porter
7ee7fd62-bf5e-4471-8a99-b2ce47dca957,Kevin Arroyo
8fb7e365-a4c2-45e4-b51a-b58d043fd7ee,Kristi Keller
31ea4c55-3cc5-4341-aaa2-96bf08d87dfb,Daniel Coleman
7ed69ff2-82bd-4dbf-9f74-7b2dbced6766,Alexander Burke
c445daaf-19b8-4e18-9c6d-06239beb381e,Mrs. Hannah Figueroa
d353e87c-47c6-4938-9db8-2d924cf0a962,Michael Perez
3941aae9-3817-435b-ba80-b3ec00194ff9,Stephen Mercado
065d7ae6-884f-4fbd-9f80-2cc3d84af69c,Rhonda Gomez
0ddd46e8-a28f-40df-ae1b-edd3d7e7f19a,Nancy Rodriguez
220b65e5-5933-4cfe-b28d-367465882721,Glen King
82afad48-4963-41f4-8431-d51719c20dae,Joy Peterson
479f7acf-ae0a-4c95-8e52-e473f861273f,Charles Oneill
733b5ea0-e1fb-4965-ac51-02a34a962581,Amanda Garcia
7cb688a8-b61f-4c98-9dcb-100a4a164dcf,Dylan Anderson
9a1c4690-e64e-4ab8-bf11-6a443be0c0ff,Nicholas Curry
6a7db27d-6c7a-48e9-b314-06b856c55f0a,Anna Hunter
1e2b4245-a9cc-44e6-8886-b5a10e9634e1,Shane Yates
dfb56d88-a9d7-42fa-ba4e-1b299cbed844,Garrett Black
8cc9e0e6-948f-46ad-a335-ac79c89b6d70,Gregory Werner
95359db9-48af-4a0d-ada3-f1c43ce230e9,Amanda Foster
fa5ae31c-34a3-42c4-b203-cd0bdee1720c,Stephanie Carter
dfa06ebb-2458-4c64-8360-f8e432cfe6fc,Brenda Dillon
589b10f2-4a45-4488-851c-f3bc5cb233cd,Brett Webb
4c07a510-9280-42d7-b0f0-f19e4ba0f647,Sean Manning
56c5989c-99d3-4c5d-b409-3f38af86d48a,Brandi Jackson
28666587-5948-4727-8ab6-fb576618893a,Carol Vasquez
cc194e40-7f1b-4591-81dd-bae1431625c4,Justin Miller
ad61799c-2709-4b84-835e-c7c3b1f890f7,Mark Brown MD
bedab850-2351-4b2d-9bfc-e84610b5068f,Ernest Martinez
cacf9afb-6d55-4ea1-b6e5-35c269b5742c,Jonathan Herman
29bd1b81-2dc5-4efb-93d0-eebbad37ee2e,Latasha Spencer
aa272c7e-2b30-465d-af89-d877f8815ed0,Paul Barr
69dd1492-d861-4b3e-87e8-fb5632a85d6e,Ray Jacobs
97e1ba58-f610-43ce-ba45-f911b0f7ed94,Hannah Anderson MD
d2cbc597-9d71-4cca-8ad1-391dcb38cfb0,Jeffrey Franklin
a4373adf-1ab3-427b-93c8-b688a8a5c5f3,Calvin Mccullough
0171496f-015b-49f2-b16f-21afdc87e6ec,Carlos Bass Jr.
90ac1bf1-9e0a-4d4f-9ab9-fdf6d006a113,Cody Perez
a5b15377-d8fe-40d3-aae7-e9208e411c78,James Anderson
0e5bc18b-da3c-40ed-9725-44cbe6d02fd3,Stanley James
1b62e73a-0f7a-46b6-bb95-454fc0d7864e,Natasha Montoya
91131e1d-f79f-4164-ba6a-fa0ee6f75d63,Janet Martinez
4a6a8cb8-409c-4fd0-a039-fca9c9662078,Adam Carroll
5a8705bb-f5ec-4b37-9e22-4a0bf6ccf2c8,Ryan Rose
b2b3f20a-e5ed-48f2-a529-01a4eee488b9,Tanya Anderson
e6060ab8-75b4-4229-bcdd-954d2d6f15e9,Tamara Hinton
b477e009-4722-4159-b0d4-2093acfe9631,Karen Reynolds
c074f909-e0bb-4586-befe-d029bb6c4838,John Marshall
a12e0ee6-7838-451d-92ba-f60eee16ec4a,Corey Calhoun
34a64e2d-a962-4918-9bb1-91ac56d294f6,Jessica Brown
6c36b95b-0b09-49ce-bc64-83915dec8e7f,Adam Rice
4dbf2fcb-adf7-4a59-92d6-16da27167dd8,Sarah King
b3266101-e724-4bf4-ab4f-d91f228001e2,Victoria Parker
a1ddc67d-af54-4815-8921-a99e63727e5d,Jeffrey Browning
fe8c338e-8612-4352-aa39-a5e6cc4f7add,Angela Vasquez
b17a6daf-fe89-4b83-8a84-d3fe90af8608,David Perry
fed5389b-3fcb-4714-a4c2-372e85589a02,Walter Allen
da09686a-f597-4af4-a048-6809ed6c0cee,Manuel Price
c2eb2da0-42ee-404d-afb3-a2cba629ad63,Matthew Walker
fbdddb58-13cc-4b95-8739-deae6c870bfd,Gilbert Kim
fa516db4-a516-49e0-a56c-53ae808dcf64,Stephen Solis
ea3ee199-0160-4ab7-9639-5572bc15211a,Rebecca Smith
9b6dd36b-2beb-4a3c-a2cc-590665f72151,Alexis Gutierrez
0eb4da16-0e0d-4531-817c-3e975237983c,Carolyn Ramos
884e1b7f-9a2d-46d3-abb8-9d5baf431b8a,Natalie Hatfield
0d909ced-bdc0-4cca-b055-bf5b98995f8f,Misty Lee
13f3685a-e070-4c18-a6ed-bf64622be5a1,Laurie Ortega
47379c90-884a-4fc1-b6c1-c234e4b84bf8,Christina Hernandez
a8d7e39e-a155-43e0-8d4b-a7ccc7ec9825,Teresa Humphrey
6d5f2df9-6316-4df3-88d3-3a099249cecb,Valerie Russo
6524c2c3-e46d-46ae-ad88-982363930638,Joseph Mejia
2773f0a5-f9d0-4dc9-a6c8-0ca580450d95,John Yates
2ce0d60a-fcc9-4514-8b07-224c5b0eb908,Rebecca Rich
5eeaa1d0-e377-4f8b-89b9-d5ee52487d8e,Matthew Sullivan
bd26adff-db1f-45c3-8571-6a865a8c04b6,Nicholas Gray
3274036d-9021-4aaf-9ecb-fd0330b882e2,Courtney Lee
8a30fcb2-cb25-4e9b-b581-1d75ba48be7f,Melissa Smith
532c3ba2-d2f6-43ff-accc-e0bdb01ad655,Reginald Smith
0390985a-ea11-4ba9-8447-ff3f11664bf9,Amanda Young
99a7b260-e103-4059-a7d9-060fc16c7a61,Nicole Lewis
c23ffe41-bc44-47f9-b412-a6acba26b8f9,Gregory Glenn
fe095ea6-420a-411e-9ab5-caea92d1e60d,Robert Riley
1f5404b6-4b72-43fd-bede-0db24ea7b40c,Eddie Brown
904f7da8-6e67-4a88-9d50-66fbf0b44df6,Cheryl Patel
775d9553-8c34-498f-8331-a871e6846959,Eric Mack
276b5e02-ce34-41d6-87b6-64403fdfa6f6,Lauren Waller
5c94e3f4-7ee7-4e01-a400-082ab30f5c2d,April Morris
a0eacc7a-1fbc-4ac9-9179-878434e54cb5,Lauren Jackson
20b2f7db-f342-4629-873b-dd993428e3d5,Brian Lopez
d2feb708-03c8-4df9-a36e-40282feeddc0,Thomas Martin
bfe9f931-bacd-49c2-ad4b-15d5c38e7f18,Kathleen Williams
536422f6-f621-4d50-8d32-050585c2a9f8,Monica Shepard
419f1fa2-d9f4-4ebe-9a73-febd310d6b2a,Michael Hensley
fee07068-6fc3-4361-9913-b4a3c2a880ed,Daniel Nelson
721ba1dc-e503-4ffe-9a53-3c61c1c18ad3,Jessica Duke
97340c71-9f93-49ba-b021-53e56babbb47,Joshua Harris
b5743daf-3e69-43fc-b721-556e89601597,Troy Lynn
11fa5332-70f9-4f5f-82f3-1d71dbced223,Charles Allen
28f5139b-87c7-448a-8092-9f963b3db4ca,Michele Moore
3fabd129-88d5-4b80-862f-5dc99a16c8fc,Alexis Mcpherson
158488be-575e-4814-99d7-551ef2011c1b,Alexandria Jarvis
e1e1fdd1-3ed9-4e3e-a322-5e220f07357c,Rebecca Flores
27f63715-9212-4d5b-b0fc-13a053302c27,Wanda Osborne
2e27ac58-9baf-43d1-b24b-6f1cebdda44d,Charles Hernandez
f4add0a1-ede1-4cd4-8f16-1ed96a5ff6b7,Mark Johnson
8539dd6f-fcc8-4c5c-a040-6095a01f1d91,Kimberly Johnson
84fb8afb-38b3-4d1a-940a-5d79f4716de8,Jonathan Graham
c17a5f0a-a705-4a00-9018-a0e1ba0b8d36,Leah Hensley
7eb6cae7-837b-42a7-9ee0-6e216b7f6cb2,Jessica Heath
4ecd6b51-c8fa-48d5-b811-fe720b7850a7,Joshua Garcia
cf9192a0-bd26-4751-bae5-c27b3bd7250d,Carla Jensen
81fcbcd1-6833-45cc-8d7e-aecb8dbad668,Eric Austin
074329cd-63cd-477f-92f1-d67985f83bb6,Margaret Lopez
89c15088-85f3-4ab6-a543-90e8f3af79e1,Anthony Jimenez
c281edd9-c564-40b6-b8fe-6830260af3f4,Gene Frazier
fd753ab4-c2b5-4dad-8b3f-5be94dd9b800,Michael Davis
8d0f8162-1b0a-41ff-a989-de9ba4676f3d,Dana Ballard
de5291b4-a339-40e8-9f6d-e8458831e6bf,Sydney Weiss
0cd3c280-645d-4131-ab9f-258f10771bd6,Jason Chung
a58c543b-8094-4916-b26a-e0ea448ec42e,Diana Taylor
f05dfad3-9571-4da1-a29f-166325af3c1d,Andrew Lester
5cbd2f79-f48e-48b5-8141-9a3719ff9a6a,Jeremiah Sandoval
75fb238f-7477-4645-8be4-99c763f33a5b,Sarah Hunt PhD
70ce3cb3-6dd1-47c2-92fd-0560c62a6a56,Krista Young
25983e5d-00dd-4229-9248-7c8813f140c6,Maria Fields
6cffa912-ba51-41c7-beb1-0f8c1a86d071,Melissa Vasquez
25ae51f9-cb31-4497-bfc9-3290370835bf,Jacqueline Wilson
cd34fe33-04e5-41f3-b327-b2e6794d2cf2,Emily Parker
b91f555e-5e2b-425a-be1a-d85a64843d94,Kimberly Oliver
5dd60ec4-5570-4dfe-be6b-80d8fed5bd78,John Washington
a7a3da57-3d59-4088-b98f-bfd9691b5b87,Jason Rodriguez
86052ebe-0c8d-4371-9ebf-3c2e69cbfe74,Jennifer Porter
238b6568-6427-4ad8-8e5a-ed0fb01ad11b,John Blackburn
43b2549a-9ce9-4154-b182-5b3c71944b8a,Gregory Roy
458e8ba0-98c5-4413-b3ef-b7b55665ab52,Brendan Figueroa
ca6d2042-675c-4549-a49d-8029f00bf4bf,Lydia Williams
f9b3f95d-5e34-4ce6-9585-0ea8598a7775,Stephanie Reyes
e99972aa-fba4-48dc-813b-9a4c3d1ad169,Brenda Morris
08a29125-d4e8-41f1-bf83-105a89047f89,Joseph Robertson
5b7202c6-3ffd-44ec-a355-5fb038dd021b,Shane Barber
d1dfdb4d-37e4-40cf-8b77-cfc2a3b9bd22,Michael Schultz
74e2e2ba-a434-41dc-bd49-501aa63abbb0,Linda Williams
11e7d62b-feb4-43e5-844b-865c359fc653,Gina Porter
4b6e7859-669c-4ce5-876b-62c4e0c8ac48,George Moore
66ffd657-bdae-41a1-a20f-f3490fa24fe2,Dana Wolfe
3ed723e8-abbc-46ac-88de-775e05545b9a,Katherine Martinez
ce2f4d88-df5d-4574-84e1-b5c4b8e1ac45,Renee Clark
a15a8082-6a15-40df-886d-26311c31d657,Daniel Jones
21b200f5-7251-4c66-9203-88dd098606e8,Richard Myers
a461dff3-2f3a-4fe6-808b-4ba64df8dcd6,Jamie Hughes
5868ebbf-eea9-4249-8359-a3485017a5d3,Sarah Franklin
74ad07a6-5c0f-4798-bbaf-2f0016d617ce,Tiffany Scott
df3684e5-c421-409f-a9dd-c9484bbfda0c,Caleb Wilson
7b234d38-1896-4889-b2aa-e56a64b92bb5,Kimberly Barnes
412a9225-9046-4f2c-b8c3-7f34fa6014eb,Kimberly Mccann
469f85ae-69c9-4184-a267-bb635485e62a,Aimee Oliver DVM
9d51c6f8-1bee-4d67-9a70-efb5dd8ee8dc,Samantha Humphrey
d365e8f0-288f-4768-92a1-6357d93a9fa1,Alexandra Cain
7cecc5ed-e387-4f9f-9f7d-6b20b5f87f16,Tammy Patel
e585bba4-2d78-499a-8d91-bce7345459a6,Mary Smith
09b6c8e2-6b90-4751-8623-311ac65f19e8,Jennifer Erickson
a55e068d-fc29-46c0-bd46-bd4e3c24d203,Judith Swanson
ac8581a9-3a06-4596-a5c0-aa54754afd8f,Kelly Carpenter
96c15e99-8f91-441f-9826-f0281cfe56cd,Samuel Wise
d2c355a3-6166-4d20-a3be-22cb4a6fadd7,Jason Garrison
7660bc50-b93d-48b9-a35b-f286a68a1f6c,Stephanie Watkins
3720a8de-dd79-4dcb-8a85-74a076821d86,Nathan Howard
146b1915-13b4-4529-b127-b30d8a6dbe98,Bridget Vasquez
7ec32163-65bc-4a66-98ae-80c92860a6ba,Billy Hughes
6ed2a777-7219-4879-a3ae-4f51a07bc451,Jody Foster
0a55056d-3301-49f9-a201-88f4f2c8c5d1,Hannah Benton
08540fb3-74c1-49de-a581-c23265f36976,Paula Garcia
3066cdf9-bb00-4bad-afb7-a837c4bc4b1c,Samantha Coleman
2de16daa-04f1-4fae-aac3-6f08714556d3,April Meadows
4df5ccf0-6d88-43ef-b80e-3321a7e978d7,Mrs. Ana Garrett
e77d8b93-150d-4506-9532-0563e31463b4,Robert Lang
6178b5af-969f-4e9b-b826-21f5a903bce9,Dylan Dickerson
356c8458-859c-499f-9205-9d2d5a325ef8,Gregory Wyatt
db62ead9-acdc-487b-89ca-76b21f7ec626,Tony Lewis
d83b8f30-d6e6-44cf-a5b7-f32727489870,Philip Lin
cbfee285-0e15-483d-a199-40662c0d34c9,Michael Porter
0057ceb4-550b-49c2-8dc1-fcba89f2b4a5,Connor Hernandez
b6daa354-776e-4c71-8f47-90fca5b34781,Kimberly Stark
601d5397-6eb1-4ec5-b156-6c597fb25203,Diane Vazquez
cbfc513a-fe32-4bef-ace1-0eb9332dc801,Anthony Stout
22a1da29-7d35-4a63-bf04-58d38a2e7ae9,Victoria Terrell
dc3a4a50-87a8-42d8-b1fa-e3a3f44a31f5,Steven Robinson
fe96c795-14b4-418c-900c-909e17555e26,Ellen Jordan
5e1de538-0073-416e-ac10-8922a0dc1170,Christopher Hess
30120d62-a2ac-48be-a6da-ea83caba902a,Dustin Sanchez
6ffb5ea6-4fd5-462f-8cd7-cf90ccef7a6e,Ashley Smith
09f3009d-2235-45dd-a502-93d9022922a0,Christine Wilkerson
2759f95c-21d2-45d5-a29a-71f3d81836b7,Susan Odom
6c2bc5cf-c647-4209-8e48-dc040dd376ea,David Hanson
8451d24d-0e5c-429c-b9bf-ffb1d4b90541,Susan Humphrey
7c3f4746-a743-4f4e-99f7-d58963b21a48,Ryan Serrano
d21f49f7-5eb3-4d51-a2e3-6b0616a1a90f,Dustin Santana
087dd64d-e1de-40d8-a25b-c7bf75776b9a,Lisa Jones
4a09b912-1fa9-4053-b8b5-4e4c45d97077,Erika Mccarthy
a53084c7-4129-4d6f-9ab1-fe5d6fc0c315,Ryan Byrd
75b2e1e7-2463-4502-b943-dfc03044cd75,Richard Stone
9e01a3eb-92f6-4f28-be34-0c160f9cb055,Dylan Lopez
997a8faa-a324-4abe-9e73-59d610d55525,Kyle Johnson
5bbe643b-9581-47ff-80f4-829f1df9ae50,Chase Rogers
05d682a5-8017-44d3-93d8-db6ca52edaeb,Erin Garcia
9b3882ec-7309-46f9-8013-f59aec95fafc,Trevor Bell DDS
e0023df5-0198-4401-8193-4ef1f2ee9520,Jasmine Knight
8c6e0adb-4e0f-4f90-823d-9802661f7f57,Robert Everett
6b8c9133-3bf1-4df3-9393-81f6b680547a,Karen Oliver
412b8050-8a75-4774-8a5f-55eefd7b6e37,James Calderon
415d46de-c8c9-4fab-9bb0-699260e37594,Jeremiah Smith
06affa43-3e85-4529-9166-eb50a509646d,Nicole Morgan
5f267ff9-0cfc-4010-a982-f79c700936ce,Dillon Coleman
366c7bd1-5dae-42b1-86a8-ee0a22c36a3f,Michael Lyons
bc9ff434-12e6-45a3-bc9c-b012ebd67559,Mitchell Thomas
eebd12cb-8f1f-49b9-9976-6a57980ff28b,Dr. Bryan Flores
58a2178c-d28c-4c00-9629-06e36be9652a,Jason Krueger
a1af4c90-781f-4e72-bcb5-4679e94258f3,Christopher Brown
e76b39c7-6933-40d6-b54e-aeb58f284f6d,Katherine Spencer
dc8bbf3e-576c-4224-9383-23c53f43c548,Shannon Baker
a159fb1c-4efc-498f-ba84-5d07d97578c9,Taylor Smith
3050af1a-f4ff-412d-a8a4-d2692db0b23d,Laura Taylor
14761672-0efe-469e-a46f-8188d3687093,Caitlin Vasquez
6da484db-d42e-4072-886b-c9dac9f5e36a,Brian Estrada
5d724628-872a-4e63-8c5e-2122c733c9f9,Scott Cabrera
0bcc056f-57b4-4f67-ac99-7d120134cf66,Patricia Joyce
dd8b7f5b-41b7-4cde-8b46-add1400008b3,Kelly Pearson
a76cadf5-e19d-4181-913c-d091c21f7454,Amy Johnson
0da8c37d-cef0-467d-a395-f322f9abb54b,Stacey Ferguson
aa2df00b-4c7c-429a-99bf-904136baf0ed,Joanna Hodges
92b0c165-ca5f-4f84-b7a7-dedab5607ffd,James Jordan
e3f0fed6-4d8a-4bab-89bc-a7cd2074e25b,Matthew Harper
ed6a4f93-7025-4c67-bdc4-2b7622b43b79,Susan Taylor
510bbec2-d5c2-4b42-b41f-ed31c003e889,Jeremy Cook
24be7ac3-0d81-451e-afa0-a05e56691fe9,Daniel Mendoza
d0a759f6-a594-4676-a545-ba0bf3ad4ebf,Patrick Holloway
8f7e10e4-0347-43a5-be6a-9f63b87c0249,Deanna Torres
9ce03541-7450-486f-a00f-8be1941aea09,Christopher James
2c09e13c-f08a-4c58-b21c-2964c6c08de7,Kathryn King
55884c1a-6d09-4c59-ae43-cb94d417a86c,Jason Jones DDS
fc72865a-3308-4500-aa46-1a4948777751,Mark Taylor
218865a9-d499-4a86-85ad-2daa6f4ca296,Brandon Hill
bbe2f348-01ac-4191-9ace-a3f05e2d4b92,Leslie Mckinney
b594d68d-5753-440b-88f2-372ebe88495a,Cameron Fuentes
457e8c09-1a55-4674-a93e-fe09ac1b7352,Dustin Martin
e0e93b58-39c7-4cfd-a585-6ac0785afed4,Sydney Wise
3ea9551d-4e34-4e55-9120-a1551c4fe26c,Joseph Pope
58a9092d-998d-414d-bc14-8e0e624c2cd0,Mark Jones
3d99b186-11c7-46c2-8d2a-2140053116e0,Brandon Espinoza
91f06ace-0844-4e50-9e2f-226b2fdda4c2,Jennifer Martin
e92decc4-c65d-4651-be4a-2b0842bb6f0b,Steven Williams
aed9b6fa-38cd-40a6-b44a-d559c3bc3212,Vanessa Jones
8df18e40-0516-47b8-b3f2-05c4e09c0e6e,Cheryl Robinson
9a0a4ff8-4f55-4156-a65d-3e47ea1b3ef0,Amanda Wolfe
e936b83a-cd8e-4ab8-9900-dd621e83edc1,Angela Robinson
edffc2dd-09b9-4ee8-bd99-8d4dbd3f5e6f,Melissa Wilkinson
16e332c4-aa98-4225-badd-d8448e7d9416,Elizabeth Lewis
df8ec6b3-1932-441e-aa9c-cf67250e20b5,Paul Black
137640aa-aab5-42da-bb6d-da6ddc657bfb,Devin Cabrera
4f6cfac3-649b-4b07-90c5-96f67aff3027,Eric Porter
f8b09831-93a9-4b7d-ba39-98404695f968,Erin Chavez
c1fc94ff-1900-4e3b-80a1-cf5a70e497c2,Jonathan Lewis
fb4ef30b-9a27-4bd8-b303-cc4a1c7f4435,Sara Valentine
1f306e18-354d-45d7-a7e0-9e2a659ed437,Natasha Johnston
56614888-9f63-4ade-acbe-4c5724b54c96,Nicole Perez
2d182bd7-81b8-4e40-a47d-52db560e6fd7,Lori Hall
9356844c-2dbd-4b29-8a7e-8d41233d0feb,Stephanie Thomas
99261dfa-12f8-4d66-8625-5ac182eb3968,Dominique Reed
80a12b4b-14ed-4266-bd53-f33f363bd1ed,Lauren Rodriguez
358b89f3-fa94-4e01-a8ec-522cdf4f8a94,Jim Moon
eadddd7f-5a97-4822-8546-3142c1a8ae07,Holly Harvey
32dcf663-90f5-4fd7-ace8-8ad403887b00,Danielle Gonzalez
fe819578-b122-4bb4-a634-767808667fd9,Brett Santiago
37c18709-0df9-4f5e-bf3c-a96a75852a15,Heather Ferguson
3c2285b5-2b90-4cd2-b65a-abebac7988f3,Brittany Turner
dc6563c5-f826-4c49-9884-bd497218b8a7,Don Valencia
68f6738e-882b-4223-8778-e403cfa78971,Mark Smith
91c0bf48-7337-4209-a0e5-e5797f5939b4,Henry Strickland
705a8b94-97ff-41ef-a3dd-54b85fd1de2b,Jill Johnson
2bde9912-03a5-41f3-a9ee-1a7ef107e967,Kimberly Butler
f9c3a889-ea65-44b4-aabf-15fd2d353e6d,Charlotte Davis
28a20438-1ae0-4fc9-a4c8-32f5c983f2c0,Roger Carroll
0a513892-fc5d-46e1-8ee5-983fe711a14b,Robert Kim
f27a5bc5-4343-42ef-ab2d-a49800843f84,Rebecca Thomas
5134dab5-fe0b-4924-bf22-c4a80c014f54,Susan Johnson
76f1d7e3-ac7e-4036-9569-e8b3c3e696bb,Nicole Smith
3c0db634-7463-447d-89b6-3ea06b9eb804,Tiffany Zimmerman
a7b751a1-fb3a-4b40-a1e4-6e1acc4396b5,Taylor Hudson
5578f6ae-60cf-430f-af11-d1f14c74f626,Justin Leon
9b11eaa8-2dce-4be2-875f-c7091278c94f,Cassidy Gaines
e677a01d-24ff-4bee-b3c0-74ac4ea9042b,Lisa Roberson
45ea9742-f6c8-425a-a6c4-1d0061bd0c2f,Stephen Hughes
83c0905d-b9bb-4e8d-b27c-f06935a7e41c,Adam Murray
d40d3791-4aa3-4a5c-a04a-b668058c29c5,Anthony Silva
2794f679-9e3a-464a-8652-49d4c3c57846,Leon Oliver
9c772ca3-1e17-432c-bda1-37a66a5371bd,Dustin Reynolds
c790dc4c-3c98-4d5f-a099-84961430a739,Kristina Garcia
540badc5-4ee9-4a8e-93fd-c35e297dc9b5,Diane Hunter
f8d09faa-a13a-47ec-ab2e-0fda1f1c0f49,Tiffany Bass
34e09aea-c312-485d-80d5-22e7f3214e60,Joseph Heath
39623691-adc5-463c-a5ba-6e6b3333017a,Steven Huang
36fcc5e2-a59b-4911-89fd-c284f293bff0,William Clark
a26418e0-6b68-4f25-8ca6-fbafd2eaf029,Margaret Houston
1c0f3323-7f23-4627-9e5a-e62340be411b,Jason Henderson
b3217634-ee04-47d7-a191-1f4845cdca9c,Chelsea Schultz
bf03a10e-88b7-445d-9e30-3d060983cb0c,Martha Johnson
bd6019c5-c3b2-41bf-8f46-e5de4710d0df,Christopher Townsend
804d3191-5a1d-49bd-a6a3-02796699d778,Andrew Hicks
4562ee29-3e73-4689-a3fc-a3592eab3558,Clayton Brown
17eb92e6-8a59-4f95-acec-9e18e6e1a29c,Jonathan Lee
edf69fb5-fbad-443c-920f-3df3d8c49d0b,Benjamin Salinas
9f9dcc9e-32b6-4789-89ca-d586eff515d5,Jacqueline Pineda
1f2caf32-1730-4069-bcc7-6c680b2199aa,Manuel Hess
daa870dc-de76-4dfa-a188-2a90a41b99c3,Aimee Dean
3991028d-50f8-4a46-b808-e42e6c04d38f,Mary Mills
a20d6589-eeb1-468e-bfd2-ce5926795f71,Cynthia Frazier
1bf5e73c-e0ad-43ff-9bd8-63a7c1e8c485,Annette Turner
24e86724-4655-4eaf-92b5-72994eafd85d,Lindsey Hunter
7138f9ab-0dfa-4945-8afa-3d64db4cd152,Brandon Lopez
60e433a7-775e-4e37-8273-87f4cac81553,Patrick White
716fe2ff-2ae3-44a7-93aa-be20a74cf703,Christopher Ellis
fe9ab731-b28b-490a-8dfe-b4cec80306b7,Annette Oliver
dd4b68fa-7506-4114-aac4-0fbe16146b4a,Cassandra Torres
09aaec31-568d-45bd-9b7c-d76e0e28f844,Stephen Sloan
a87ee008-6183-4537-8581-e6ce4d566879,Barry Mann
ee7eebb1-5461-4a35-9b83-49c7523cba40,Lindsay Shepard
7c093ea3-8c47-495f-89cd-583c7ce7b9a5,Anthony White
d905c511-c213-4555-b4c2-9bdad8b77981,Dennis Kane
6e70056e-57c4-4259-a3ff-b02fbf11c29c,Shaun Berry
b746a897-780a-4538-badd-91446126f650,Patricia Williamson
ff575322-0955-4d78-bad7-767eefbec39e,Joseph Wilson
97c96969-982c-43fe-ae36-3d0d72daa87e,Michael Thomas
6983f071-d386-4635-a29a-1c6d94cbeffa,John Barton
9ca7c2e7-e671-43fe-9de7-ae2001cd226d,Tracey Larson
dba8b134-da99-419c-bba5-1b1a4616e2d6,Kyle Evans
cdafeef9-1de8-4ebc-8cf0-f91ee981c590,Michael Martin
503fd67b-806b-41d0-8ac9-926dedb86680,Aaron Smith
28d007f8-a4a5-4701-8574-4cb0809525d6,Casey Miller
dd110c1e-7a6e-476a-b04b-fb37405fe41a,Duane Wells
5786617e-564c-422b-9a92-ba1c33c3204f,Brian Davenport
653771d5-6224-49c0-8e64-a0391fba499e,Katherine Wood
c77cf890-6b09-46d6-a0f0-caa7ea794854,Cody Vasquez
b5eb447a-a15c-4d29-8b52-b95a7de46c4e,Mary Jordan
e372cb8d-1964-46d3-8356-08be5e025518,Megan Mcdonald
f58e177c-a87a-4e47-b090-5dafdc964209,Michelle Velez
26cb0d60-0920-4742-9183-1a99010198b9,Alejandra White
52c4a857-0a5d-4937-9a56-32f7f2959808,Robert Torres
29b6677c-34d9-486b-a824-a9dfd3c6b8ef,Tracy Santiago MD
53052415-d70b-41d9-b0bb-5fa1acb651a4,Andre King
6daf56f2-0cf2-4a6d-8287-b039e2b40a6d,Mary Alvarado
0f9216ac-7575-448b-80b9-0539a284c6db,Benjamin Davis
1a3173d6-672b-487a-8978-ef2014e2bda1,Brandon Duffy
2415f6aa-3489-4e27-8b1e-9a83c5616955,Jeremy Martinez
c6578bd2-6458-47cd-91d9-44ce3a87ccba,Jacob Barrera
a4e4c4ef-d52c-47a2-bdd0-47c8d9551c40,Stacy Lyons
9e40c09c-e923-4a78-9190-facfbc3b680b,Alexa Marshall
01a283fd-0ade-49e6-9ad8-65f013022ca2,Nancy Jackson
38ed2170-8e6c-466c-ba03-90a610529587,Jose Cook
d030f094-e086-404d-949b-2bf2a6d50cbf,William Garrett
99a87d07-a129-43ea-8c21-f97c5ed4c26d,Monica Warren
b2fcc9a1-6e86-4614-895c-65c3a7d4a18a,Natalie Pearson
6892f46e-cd39-4b6f-80e9-697c299a642c,Kimberly Cherry
93e46b92-ae47-4af7-bbec-9c4a0fd97d82,Ronald James
d2118be8-0b33-4eb4-946d-d6c43a2e1a1f,Bradley Gonzalez
b4fa0594-8f66-4282-ae98-da63b2b6cd9a,Rachael Kelly
83ec0648-db34-47aa-988a-b78064f10cf8,Daniel Greer
f2aa2037-a0db-4767-ad10-5733583509fb,Kyle Logan
224d3183-7199-41bd-ae13-ab68472ca977,Vincent Clark
6fe66c2e-5664-4daa-b85d-c6cc79fc767c,Nathan Murray
d11466ad-5d30-495c-a83c-fcd01e54b4ed,Sharon Smith
c37f808e-4e72-45a4-a75a-30ff5769033c,Luke Bolton
a69cc9ee-d686-4663-a2e1-3301fd5b7158,Kevin Salinas
1a739659-3158-42c7-9c64-3ce1a98102f7,Mark Garcia
24cdf8c7-bb52-4ba5-87b1-4b803164392e,Amy Mitchell
b3a8783a-c3be-4e6e-8784-32a3e7e75fb0,Dwayne Gilbert
5e064dbd-1b25-4d4f-a7ff-39e2d0c6f28f,Justin Farmer
927d15de-fc6e-4e1b-a4f8-2819e6a549d8,Keith Burgess
851e22d8-f6d0-4742-b8f8-1c7253c6dac9,Corey Mueller
1ed1ead4-c569-4c12-b102-358650e94a39,Edward Whitney
11bc0284-ee8a-4234-8bdb-b7a7864561f6,Kimberly Gonzalez
b09ba52c-007a-4ead-912c-32bdbdf4d795,Samantha Holmes
0490762d-bc5c-4be6-9113-492da3cb8920,Joanne Mahoney
289f42ba-bd97-4ff2-966a-8f453f9a997c,Brent Conrad
1b8146f9-82fe-43b8-a357-e5b8529020d7,Katherine Zuniga
e617cebe-f222-4a84-b41b-c066deb68aa8,Savannah Nguyen
98df4cc7-0df2-4f52-aa26-48e1b1b7a28e,Trevor Pierce
592b1bf7-70d7-4aea-a7c1-98a938d696c9,Audrey Marshall
55259f78-61f1-4707-b962-576e1b296a6e,Carolyn Carney
25cd491b-51ec-4178-8e6d-cd31cbe5e474,Connor Jones
41f61791-0817-4ee4-b055-1f5a39535215,Christian Young
c38ea7d3-44ec-413d-8eb7-d47fd203f5c9,Kyle Carroll
6802a64d-8f85-499e-b603-4b00eb30e792,Dawn Cunningham
db7909de-6f73-436b-a248-1bbe02034b8d,Jean Rosales
17c966f0-ec65-40ec-8fab-8f093b956ff0,John Hartman
7aba6943-3a5b-4a1a-90f4-b413627802c9,Lindsey Salazar
08398522-d2ef-4307-8804-5650c4f824a5,Johnny Lynch
b0b3f217-8e20-42f8-96aa-2418a0819407,Melanie Scott
d9b0779a-4ce3-41aa-817b-6af414260022,John Jones
a2c5b24c-d8fb-4ce3-88db-84ccf473218a,Melanie Ramirez
bd4650a4-f5ca-487a-b3c0-a4922999a275,Samuel Vincent
b462d3d9-099c-4e96-88dc-048fefdfef96,Amanda Castro
811a1187-1127-48f5-a691-ec1e2d3ea436,Victoria Villarreal
74887a30-c20f-4360-90fb-40edce0a963d,Jason Johnson
45462b5d-e129-4e83-bcfa-8e48d5598406,Charlene Henry
aaec4860-e9b1-4c24-ab37-be58dfec6fd3,James Lopez
fb9744be-ec65-4cff-b075-b07fcb3a9626,Megan Johnston
4ab3a523-2902-4944-a3b5-fd1f984c1406,Mr. Leonard Mccullough MD
bac8e206-461c-4343-a93d-507ec11c286f,Taylor Smith
3b67c1f4-88c9-4667-a1dd-d480111619fb,Caroline Miller
f36880a4-0809-4d0e-982c-9f9e979b1529,Melissa Allen
eead3efe-6493-4f34-a57c-dfba4c8a2cf1,Daniel Gibson
f0505290-cf37-41e4-a3aa-4504a411f1ca,Christopher Haney
1e0a4e26-c890-46e6-8533-4253daedf504,Amanda Kaiser DVM
a6238ccd-78d4-4c07-841b-b36b2bd3a12a,Caroline Lucas
06cdf2c7-cbe4-4229-8d23-2159cf1fa90e,Mr. Nicholas Smith
6f7b985a-3233-4eb0-b1fa-ea75fe723eeb,Paul Grant
e31c2bd6-b090-4504-9bbe-2f98be44cb9b,Savannah Murphy
2789e829-fece-4bc9-9e66-2fd5bc1aa89a,Hunter Dean
875a1f6a-c087-4bbc-bd33-a17112d43292,Sheena Lewis
ac6c38f5-7dd9-4715-8696-e49c2f0b5728,Mary Ramirez
16467adc-1a80-4c0e-90c0-5eadcaa06092,Amanda Snyder
cd2732d0-5226-4d8d-9183-0578334d40e9,Tammy Green
e83f6005-6f86-430f-8585-78516f7cbbc5,Christopher Thompson
f22ec1aa-aab5-4593-87fb-253373fcaae5,Elizabeth Perry
d8a467c7-54e4-4c7a-8723-0cedc31fee2f,Mrs. Stephanie Riley
632d812f-54d7-44b3-8d65-0a35c8383f7f,Benjamin Turner
a3918269-0b4f-4be9-966b-827c042e289b,Thomas Valencia
f2a16d97-8952-4d19-8d8f-9dedd275a822,Henry Harris
018d7987-5139-49d4-afa3-c5b97fdf315f,Emily Perry
e39ad82e-2a44-4583-bd7e-b52a1d7c7084,David Garza
032cace7-fa26-4127-8e0a-64076cb7e63d,Michael Dixon
d6439749-792d-4338-b53e-092c058b7aa2,Cory Thornton
bc2518a8-2f4f-4c47-ba61-a7079fb8e760,Kathryn Mendoza
21977f86-dee4-4289-ad4f-3e199b42c44d,Carrie Mueller
05bcf6a1-be9d-46d7-9f95-038e161783be,Heidi Davis
3922d040-9f70-4314-9085-b7f9380de225,Kenneth Holmes
af09b9b6-afad-4ac3-a614-e3b6e0f54a4a,Jared White
8c28a774-b588-444f-a59e-0c57c0012634,Julie Dillon
5ca9155c-2c86-4aad-bafa-5af5525ec105,Michelle Olson
6f8b91e6-d9cc-44b1-878f-887b23854af3,Marcus Wood
7721b129-4bfc-4c22-b829-661753b5ee3d,Cheryl Jenkins
38d7b661-9947-48a3-a076-cfa8493e226d,Jay Cunningham
05dd466a-40ba-492f-9276-1724fadc93ea,Catherine Krueger
e6a76da7-2542-482e-9922-bfb662e8aad3,Terry Simpson
bd9d93fb-a55b-40bf-834f-8a3a1da7e59f,Elizabeth Lynch MD
22bf6c4f-776c-4677-a9e9-fd97a68122cd,Mikayla Cole
3ece90db-fb4f-4c39-8694-03b4788f29ce,Francisco Meyer
21e610bc-b2d8-42eb-889b-22d10624ea77,Jennifer Sanders
416ecc60-ff00-4a46-96eb-84ebd9ba35ad,Mr. Alfred Reynolds
30ef96a3-321e-4421-a275-bd514e034628,Derek Hunter
28b90af8-3a71-4ea4-b658-7f33ddb178df,Mike Mills
109b1d95-d0e4-4797-88e9-1e2678a61789,Jerry Wilkins
6d79fbc6-98d7-44f3-8452-55cb2fe072d9,Dylan Smith
0ebf055f-5bee-4e64-9b74-770a49488e3f,Lawrence Ochoa
baa55187-fb77-4b7b-a428-72980d754ca5,Joshua Ortiz
9af4974b-f7f3-467a-9157-67df16247478,Joshua Buckley
56a8c659-f664-448c-9982-0d4c6dd19e29,Leah Miller
268cbc41-45ff-4310-b909-ed9415ba0bdf,Megan Brown
a53b5a69-a0bf-4690-ba4f-b90058a4d08d,Andrew Foster
b3b92e66-402d-4dcd-9ca7-12f3d3ed58fb,Traci Hicks
64f705d2-8c2f-4686-97e8-c437aad586d3,Christopher Hamilton
10e7f8d5-20e2-4532-9d37-c804aa08de14,Michelle Tran
404b5283-0aea-42bd-ba0c-7def23e6270c,Brittany Hernandez
e6da84c8-be16-4bb0-8f9a-7e28afc153d3,Kathryn Cox
11f9616b-d01b-4da5-a6ab-13d75743e073,Daniel Davis
ecae1666-453a-4022-b777-9c5fc08c7b99,Michael Leon
27a99389-041d-4c83-b19b-ceab2c05b341,Alicia Blake
92980e39-c699-44c5-befc-4c6b4defb72c,Mr. Jonathan Taylor
aad77aad-ced9-4ab9-817c-a06caa267216,Gina Kim
b9e0e0cc-b33e-4554-906a-5e0fc2f126eb,Sara Martin
ea2de144-5d8c-414a-87d1-1e06cec62aa7,Stacy Ferguson
3d53d84e-42c5-411a-8366-d4fd73917a2e,Natalie Johnson
312f9399-5673-4b5c-8f4a-3c843c83ebb5,Melanie Riggs
d216c7bd-eab0-4038-b6cb-8f20fa295448,Larry French
b3d20fb1-0546-4db4-b698-96e47c2f6021,Zoe Graham
ab7cf821-3768-4e5c-b73e-83ccce258792,Margaret Roberts
165218c5-c0a2-442f-b90b-62ac4c09b2a7,Thomas Garcia
ff272e7a-80c9-41f4-8a7c-651b762bec1f,Norman Martin
706b087c-1f20-49b9-b7f8-227ce534d643,Jessica Lynch
f8891773-1182-4284-8292-eaaf68f66314,Wendy Sanchez
4e3d8726-be7c-4c62-9109-b9134012ecfe,Matthew Thomas
b613a111-7149-4267-930a-647ec703b776,Ashley Martinez
7ce189fc-51d7-4395-8100-b9441cfbbed1,Shannon Taylor
85223885-9806-40e8-b0db-84568fcac30a,Maria Shea
70be3e3e-000c-4ea8-8e99-5a181ffb78ec,Monica Bender
a86bd69c-84ac-42ae-a0b1-5f0a28f77ed6,James Maxwell
010e1e8e-904b-4d10-81a9-468e94432fb1,Mary Wright
1a65cd3d-38e9-47cf-bf19-c78eaa81f521,David Edwards
afb180d7-f176-447b-9f03-a6dfbf27781a,Whitney Salazar
9929eadc-e729-452f-aa55-94f9c3d7cf48,Elizabeth Schmidt
12f14a78-ccec-4a61-bf00-9ea29fc95b91,Brandi Douglas
d13c049f-c653-4c2f-a178-31e0302204d9,Misty Townsend
44cb6035-b0c4-4464-b6b6-341978be136e,Mary Martin
972a2c60-3881-4068-8aec-07f9767ffc49,Daniel Marsh
1b89a78a-58dd-4e45-92f0-52d7ec070e81,Charles Edwards
e25725ae-e402-47b8-b75b-0724d51997d0,Jonathon Williams
b832759c-20c7-4154-897e-f364ad480c52,Dave Murphy
8978e550-c51a-43fa-846f-cc6de2768f12,Kelsey Palmer
226c18da-9aba-4d7c-9b78-9a38c570b810,Steven Carter
844316a0-d86f-47d7-8251-02746949c784,Dr. Matthew Brooks
9633a554-4f8b-4e53-97e6-0e1c9c152b3e,Paul Gardner
3b1884a6-691d-4e47-b53c-eeaa898d3974,Tamara Odonnell
d434b556-1264-4746-bb27-f112eec677d5,Nicholas Colon
0f001827-0711-48ef-8b05-4fb80860f32e,Michael Mills
83c3f5b7-801d-4276-996a-7d5a789eb287,Tracy Munoz
8a0f37a4-6736-407a-a664-e82889584c85,Rachel Sutton
a2723598-b5af-4676-91f8-b34a34561a6f,Rodney Brandt
5687ef1e-1a76-4e7d-a035-1a2915db53e5,Gregory Good
04c5ae08-757e-40f1-ba34-51635fb2cdd2,John Henderson
cf3b9767-7907-4d4d-afd2-2d39fc6d65a7,Melissa Nelson
53d6b723-2e3b-45ac-b905-d551268430e3,Nicole Russell
6791390d-77fe-42c3-b6e5-4a3a7786a915,Natalie Hunter
82d48053-0321-46ac-be26-6a341d15dbe3,Courtney Evans
509975c7-6b27-4b26-9863-fea9df14cf9d,Christopher Smith
51aa25cc-d1f2-4762-83af-839128666001,Kathleen Goodman
7ef75d17-7d4d-4244-8055-889254d6dbb2,Anita Mcknight
fd513adf-36bc-4dd8-9783-206deb8a9725,Amanda Harper
b3c6726e-96e2-4c30-bad3-26c564172a84,Brian Ford
618e2d03-4c19-4fb0-a918-a4225e60d594,Jeff Brown
547b3a66-9030-425f-8446-244ee4723c72,Gerald Figueroa
52c7cbdb-2c86-4579-bb7a-078c178e0ec7,Meagan Robinson
89de018a-da5a-426e-8da5-17981f70a532,Jordan Mccullough
ce4fa13e-a26b-4148-afef-24061d0eb711,Leah Caldwell
1c7eaf11-4ba1-40f4-a63c-29b24215dc02,Kristen Jacobs
b4f349a0-4eed-48e0-b07d-9f984ae26357,Stephanie Campbell
dae0d681-e41b-4016-85e6-e6da701f4682,Mrs. Veronica Murphy
a162afc8-5f2e-4c32-9a21-34fefbf53a91,Gregory Reynolds
1a03e6ec-044b-4d21-ae12-5d6f7d70136a,Maria Rivas
58b1b7bb-d7ed-428a-8201-83c2192a0742,Benjamin Rice
91891081-8f94-4848-acbc-aeb9c99e5f56,Matthew Love
0fd56542-0a9a-4c20-81aa-dcc62d4e7b09,Amanda Taylor
a8da15ec-d850-4d90-be2d-5beb2a0c73ac,Michael Aguirre
d3ce0c3a-1d4b-4fe1-8cc6-077f58b8fbb2,David Perry
8026d02f-5f0d-4eb9-a6be-c6934c1ea3a3,Matthew Knox
c466bafa-a1f9-44c6-9b1b-30e18db20b0b,John Lee
52e42e53-c2cc-4eff-b6db-e32c6054e172,Ricky Campbell
885dec8b-70fb-4616-a427-db6e5174ac15,Alexis Roberts
7f256bbc-8f1f-424f-945c-5c845a19730b,Kelly Johnson
f8d63ed8-6811-4bb8-81b1-2c061afc25f2,Austin Phillips
951d23d6-92b4-4646-a175-accaa1ab3f92,Ronald Hogan
bd395810-e842-4216-994c-e703ca2b5d8a,Tyler Manning
e64f3527-4cc9-4d28-9c4c-b12245cbf652,Jessica Lyons
0a8d763c-9912-45f8-9858-bc7c5ef9f579,Adam Hall
be9caf38-6bb1-4c6e-8d7a-5335810de4c6,Richard Potter
ab3e02eb-cb6c-4402-9727-27efaf664662,Barbara Price
7f65b090-0e5c-4755-b4be-1bd25c2b5e0f,Chad Miller
b15c3b74-4c8c-4c9a-963f-bc7424495850,Charles Young
00eaae8a-e74a-408a-a1c8-80847d2f7ab0,Brandi Perry
8c41b6ea-47cf-4938-8a87-9fb62cf40656,William Carlson
dd6b822f-bbbb-45c9-9939-a9db018c2a33,Denise Lewis
42ad0469-11c6-44f2-93e0-f59c2232123b,Gail Wood
8e42e40a-ee6c-4841-a61c-2d806867e2e7,Jessica Andrews
e1e790ca-308c-42f3-b52a-d66304a00744,Marcus Adams
8b80cb62-fb64-4df3-a169-5344a1c72156,Mr. Philip Mccarty
15026753-0286-4eb3-b6c6-2c96ea35ce58,Dakota Luna
7e696f91-50ec-4ae9-9941-41a734babd97,Jeffrey Mcgee
0b064627-e897-41ea-95ec-fbe4dd966b88,Stephanie Hansen
8227c057-b108-47f4-9142-2c34e44780e3,Lisa Howard
2cba4c8b-94bc-4208-a5b9-fbbde2529634,Richard Duncan
a910e173-731c-4c55-a58f-fe7f2602b063,Emily Whitney
74bb0323-7af0-452b-a143-b5aefc0e78d6,Patrick Miller
fc343cd3-7bce-453a-bfb3-4550e500f811,Mrs. Chelsea Choi
b465a35a-c47c-4b3c-9190-6d919d3f4c21,Juan Stewart
af0c022e-522a-4911-90cb-8ebf8e76cb66,Diana Aguilar
94b1df3c-5591-4b47-87da-5cb514bc3089,Anthony Stevens
bf73d789-9aa1-4caf-92ce-fe481279d7b3,Scott Lambert
220172f9-ffcd-431d-a439-fc2b7d442ea8,Abigail Powers
30274c78-3d8e-47a6-8e18-a12183d98362,Bob Barnes
395585f4-5090-41c1-b54b-501a63c76c6d,Katherine Bradshaw DVM
1cb17537-c452-4fc8-803c-e8b194b1259d,Michael Lawson
20f91bcb-d7d1-4030-af9e-821a80e71cac,Vanessa Gonzales
0690875f-ce55-45ab-b249-ed0e3d23491f,Melissa Garrett
09367a6f-e780-4b1f-9692-c743744f50fd,James Carrillo
633834b2-6c27-4ccf-9a8f-61c24e0ab3ab,Jaime Green
d4f310f4-fd8a-4c38-a02b-2576f37272e3,Peter Hall
0babb554-53c0-4042-b84c-d57ba7d2f1b5,Austin Macias
bd72358e-8e77-43c5-bf39-473a14dea061,Susan Wang
04341d56-1a05-4869-90f3-0a8e5713ebb8,Jacob Foster
bcc17b7d-7a39-444b-b4ba-71420171b094,Nancy Hill
c1d008ca-4ecf-40ba-92b2-6e9778c6dae6,Patrick Crawford
b894d647-ef80-4f72-9900-a810f631639c,Jessica Rogers
514cd1ff-a251-4956-bd1e-20f504d4c997,Gregory Peters
a0b83366-5f52-4403-b7ed-6cfdeb66b6d6,Sonya Bennett
d116d15c-d2cc-436b-a371-85a3283b99fb,Denise Davidson
42b203b5-f326-4011-bce1-69c26d249097,Mark Brown
d8754362-35ca-469e-b9dc-6989540c5ce1,Yvonne Long
c4b1ee9b-6fca-45ad-a13c-b873cb55ab2c,Sheila Williams
6572a9f0-7ccd-481f-958f-2eb7b7e4eef4,Michael Martin
0e20bd61-7cf9-4fd2-949b-de578a41fbbe,Megan Lewis
6ad67903-996d-443a-8746-b67787e25525,Isaac Peterson
1ae219cd-f243-405c-8f61-d257242ea6f4,Jessica Richardson MD
eaa5ab73-be77-436a-8794-4e982443c863,Laura Vasquez
9905326d-4ef0-41d7-8855-cd51deba45d0,Angela Robles
42002210-f6e9-4695-a291-ae5bb536f443,Pamela Wise
0b3438c7-ba42-4bc8-ac97-2bb942baf0fe,Michael Smith
cf647f21-7617-4ae4-a1ae-b4ce9ad758e4,Erica Mayer
31aa6995-aa13-4bfa-8f97-af162d0d9238,Jessica Holt
8ee71a3b-df9d-47cc-a3d5-f2ce027b635d,Christopher Davis
86d3a4c8-6b4a-469f-bf91-6aacdd69ac8a,Derek Ortega
1acde337-7196-4207-ba9b-48037dc9a00a,Tyler Hall
afde2934-61c1-4c6d-b157-d702bd4fed54,Mason Patton
4d905335-d6d9-4707-bdf6-be47f7cae8e9,Travis Clark
3c3194d8-4d59-4fdb-ab58-11fc5ab73182,Christine Lloyd
30bb28a5-abdb-4378-b5c2-8fb379e558fe,Sophia Nichols
7158f9ce-0720-4dc7-bcbb-0965d6742221,David Thomas
f200ffc8-41ca-4adc-a52a-05c23d1918ca,Michelle Christian
a98a16bd-76b8-4d2d-95dd-09138785b7e3,Eric Jones
ee0c67df-afc1-463f-a13a-9a71e2005315,Bianca Kennedy
92748d45-0199-450d-885d-64ef63cfed58,Lisa Clark
9509c124-2e14-4f33-91c7-2855ddd09415,Barbara Stewart
176ad09d-20d9-4712-a421-858b25d00cb3,Briana Evans
2f25c5ac-4abc-42e5-b809-b644e64c627f,Robert Miller
caa4155c-7235-472c-a565-bb5d0456095e,Lynn Brock DVM
c02f525a-3b3d-49d0-907c-1594d007a0ab,Donald Brooks
3861da92-7daf-4431-bafc-5b7dd1f76dcb,Daniel Bean
05f5ce68-84be-45de-af1c-92fe7f151a43,Gregory Turner
cd11940c-af40-49f9-ba55-288678dfa530,Jodi Ortiz
873617ab-1fba-453c-8e92-62cbf99219b9,Susan Ward
e0542c1d-a105-4d2d-ba6e-653f42124278,David Heath
47371316-ace8-46ea-8a20-16b7661194e4,Melissa Allen
599bd610-94b0-4be4-93e0-f62dec5cd29d,Christopher Estrada
bb0f9baa-39aa-4c2f-a0f6-f2b7773b757d,Dustin Edwards
1d46c8d1-8d95-4d16-9a56-07c98cc69ad5,Richard Terry
247c739c-ba19-43d3-b7da-73f34d437b0e,Sheila Harmon
e700e01d-787c-4e25-8888-3833f691af06,Bradley Padilla
e22e5cb1-a672-45f6-b986-2122e5fe9fdf,Anna West
9a9bd73f-f8d3-4505-9c83-f7be587b2df6,Emily Ware
69779a81-6409-434b-8e01-a93f1f17cd3f,Lacey Brown
868a94af-bcb7-4922-9cd5-5218d124e252,Bridget Gilmore
a99ac93c-e87a-4c08-93f5-10f4ceb27222,Heidi Ramsey
339458df-4d49-4eea-8988-1cc03ba0e4fe,Julia Stevenson
5872cbc5-3120-463a-8e12-45a830e5c8e1,Kevin Porter
8936c333-d84e-4a42-87e6-575344cdd595,Kevin Rose
526376a5-241d-4686-b06d-f196d1708578,Nathan Glass
7ca823ef-5232-4490-9404-1ae26df2e35c,Adrian Tanner
8ef7b2f7-fad2-4f86-a16f-4d6d5c8a23ce,Tara Scott
dfd8b8f0-ea47-4cd5-b358-0cf48c8120a7,Ms. Karla Thompson DDS
473f6ef8-3efe-4d2f-bcbf-df102d265324,Cynthia Cook
474a4b75-31b2-4f4d-b74f-54413fe0e806,Alicia Beck
4b9752fb-6651-4390-a58e-87fae85a2fa2,Courtney Carter
37adeba9-9f00-4d51-9f92-ef1e4b7a3333,Katie Huerta
c095d6b0-ff3d-45be-84b3-8239a283bca5,Cody Hampton
bfe37f99-25c2-4973-9fdc-4a4e56fd3295,Jessica Evans
8f813c8f-b1b1-4073-aed8-892b1ff17dfc,Michael Schultz
181a9e72-112d-414f-aaf7-d80f69a6dbaa,Tara Jones
0698365d-95a9-4ded-8799-cac0bff4b6af,Matthew Nguyen
97f84940-b63a-400a-844d-493a2e9858fd,Brian Leach
321c8127-61c8-4642-9be6-749b0e425302,Mary Kelly
039ca9d1-e34f-439d-ba52-84a322f5dd14,Barbara Avery
77869c8b-bbf4-4677-b5d4-3c1cb90d75ff,Tonya Leon
1cab9411-629e-4aea-87d7-b037bfa99823,Casey Hunter
8a11bfe9-04cf-4aef-8062-dbec9d0aff0f,Kimberly Riggs
e02b0027-6c39-422f-98ce-1877d7b9895c,Jacob Riley
b5261146-4740-4487-877d-0477a7201969,Kevin Knox
77a81659-761b-47fb-8fa0-c4ffa197ce18,Rachel Reeves
a2e524fb-157e-4f57-84e0-0afe519d9b0e,David Smith
3ce218ee-bc23-4817-b092-0d549d71791f,William Macdonald
aa4390d9-81be-4f06-9d13-c290387024eb,Heather Carroll
ee5a100b-709c-40b1-b4df-99be1f4b2474,Michelle Fuller
bd9e355c-2402-46ed-bb45-e5088a6dbca8,Jacqueline Garcia
a30406b1-3694-4711-9719-a3d03526316b,Jodi Hernandez
4f315d11-94af-4d9c-a1ef-5f2c80386e49,Anthony Richardson
8e3110f2-0a2c-4037-a4a4-5a8ea817bb36,James Stevenson
50d5cd00-6456-4488-a35f-cbb45b44ca96,Antonio Rivera
d8f4d20c-09fb-45fc-867b-3230ba94ef5a,George Reilly
747b71b0-7efe-4651-80e6-e86a36020c78,Nathan Munoz
8643ceec-1e6b-4196-a4ac-18047f31957f,Austin Mitchell
3a6621f5-37a4-4286-ba1c-4b401891c56c,Melanie Brown
7d462f6f-c1f4-40f7-91eb-c40e315a937f,Michael Long
398bcf21-3928-40f5-95bf-8ad98a60bb0f,Brady Nelson
a5922da1-54bd-4f73-b5cb-dbcdd7b67db5,Anita Mitchell
143e360a-9b39-4e94-8872-1e12b03918a8,Erica Vincent
936ea059-f2b6-401c-a1df-3068d2d130f9,Robert Thomas
1c27bf15-b123-4616-bb2e-f45f960b1ae3,Melissa Simpson
80f61ab8-bc80-4ec0-a460-c995f528a37e,Jason Hall
58ef9417-e349-44d2-a881-42cd68592099,Tyler Benton
2e308ebf-8213-4c88-a5d2-99b1575bd86b,Sarah Mckenzie
ff8aac9d-13e7-42c0-9998-07b38b61d58d,Mary Payne
d89af81d-e415-4f4f-9967-1f0e03fb0ba0,Helen Underwood
c116376f-2c8c-4c69-a2b3-233bf0f26f3e,Daryl Harris
8935e747-66d5-4291-acb7-7e884ce89c54,Ivan Wright
2a00d06b-ae7b-4d89-b17d-9fb91efd3909,Dr. James Hoffman
530e72eb-cbf2-4f3b-bf87-e4c1ebdcf2b5,Fred Hardin
e1e57c18-581d-4ac9-8ca3-597874e0a865,James Baker
6ee71c79-6d02-418d-b1d9-bf3baca7aef6,Douglas Armstrong
10f61822-d3f9-4585-9c4e-064e3671d909,Kim Flores DDS
7ef691e7-b16f-4d41-a612-19cad3b7c20c,Willie Galvan
60f6c56d-b422-4455-9af1-40cc12efad14,Amy Smith
fe9c86ee-74f6-44a2-b98c-cba1d1962758,Christopher Chang
74d59b08-b930-497f-867b-dd7e2aaa6be1,Samantha Gutierrez
c7fb463c-dbb2-4308-83b7-f3a0f5da55ad,Jeffrey Mendoza
ec1546f8-a2fa-42e1-971d-4874f4b2793a,Kelly Harris
1cecff4c-e97b-4941-8149-92a20f92d1b1,Bryan Ramirez
f4d0fcc0-8d6a-40cd-a8f2-5c50ab9cc615,Marcus Johnson
da2d953e-3831-4015-97dd-c458e4ad1e46,Stephanie Wallace
5be76fd0-92fe-44fc-904a-7dc148e6817e,Jill Boyd
8e7b4718-03e8-41a5-934d-9ec451b1228b,Amy Johnson
353d8e2e-3b53-44a5-b8c2-cd75faefc8d3,Samantha Smith MD
aefa51c4-38a5-449e-b900-8ea22407a9af,Stephanie Carter
a0883536-b38b-4df6-97e6-7f1c38c406cb,David Smith
9c5ee5f9-6949-487b-b2f4-137223ee923a,Timothy Skinner
ca2701fb-f938-41d3-bc9c-c5c27d19eee6,Melissa Evans
a6f9636e-0d38-4eb4-9abe-def357042358,Benjamin Johnson
08bd6d52-77f4-48fb-ad47-b4e19bfba39c,Elaine Rose
5b6a996f-8da8-4a31-a10a-7a51d8b7400f,Charles Palmer
892cbf88-d3a7-44da-9d8b-43e033660989,Kylie Juarez
7e9ab472-1b18-4c05-985a-7540f4488b96,Susan Edwards
e1ef991c-e0da-4ad2-b56a-2c4af9cd06f2,John Webster
5e17dcbd-84fb-45d0-9977-a96ae285e1ee,Beth Moody
fcc4a534-8feb-43fb-b106-214df65b086b,Jennifer White
85a1725f-7ded-46b3-95f9-4682fdd76e5f,Anthony Holt
1023ed9c-e757-4b73-9f12-4de61e68a836,Molly Johnson
afe5c751-7ec1-4527-b3a8-8f960c6a9dba,Ashley Estes
17ea384d-3962-42cc-acf6-c8b09012ee0f,Erika Guzman
d91223f0-53cd-4194-a51e-63573d5fe04d,Arthur Mccoy
f803a5e5-ccb1-4872-825b-b9eeae2aeaa4,Wesley Russell
e0907a38-8e9a-4fdc-8fa9-473de3b254e0,Adam Turner
bdc5de36-f127-470b-89fa-d48fe2171b89,Ryan Raymond
b368593b-5b53-4f60-8900-44cc1fde7dee,John Fields
e1b3340f-270d-43d2-bf32-875e358588c2,Julie Walker
3f4b5f4b-0bdc-48a7-a357-6f8932d707cc,Lisa Peters
6684c50c-f780-4e32-b6cb-084361bd6fee,Charles Gregory
7f5e86a8-c5f2-4015-928b-628a150a2ce2,William Smith
f003b922-dc43-49de-9ce3-8bb712100156,Tanya Reed
0d88c7b3-ce36-4791-8059-93f19d609c4c,Kristina Armstrong
d14c3542-774c-40b1-9cfd-0b42f1fe5bc6,Dr. Barbara Walton
c6794fd9-04c9-4d2f-9f70-80637b25f9b7,Jessica Montoya
3b18b9b3-eae0-4cd6-bdd6-459191a7abc9,Aaron Mcdaniel
58c27086-93ee-448d-9cb4-176dbf129392,Noah Moses
70ae1372-a3bb-41af-ad05-cbf4727eebcd,Andrea Kim
4d1a6236-812b-495a-af13-a148d5d14ee3,Natalie Brown
5ba8d104-08a5-4367-9eaa-24ff56c7e449,Jennifer Weeks
8e57b6ec-66f0-4130-b7a1-22301a08b866,Michael Taylor
a7d5e6f1-ac97-4450-aa60-1255ea53cafb,Bobby Hughes
a4aae90e-ee65-461b-a495-811608facea2,Rita Jones
3d644ae8-8dad-47ce-870b-e411e99889bb,Thomas Yates
6e8b3926-28e3-4711-b896-2d0e74429e3a,Sharon Wilson
8fd50cfc-d088-49f2-901d-411076edb3ca,Lindsey Patterson
2789e1d2-6ea6-4916-8a2e-83f9d77e65da,Ms. Margaret Chen
9270b1c1-c4ed-4b7a-93a1-f03c720c134f,William Berry
2de2a34e-7ade-4310-b329-341a5db8203a,Jacob Luna
39ad20dd-d524-4988-8a28-29fd63c91190,Caitlin Leblanc
6b2d05ff-d943-4291-b58d-8e6a75ea91b9,Edgar Murray
75ac7632-3173-41bd-9d5c-2c55c366f757,Joseph Cooper
7669bb48-21ce-400d-bba2-9a7c37db7197,Krista Mason
67346180-358d-4b82-9fee-1dbc49c63ba9,Andrea Chandler
d9e04f5f-5a1b-4a27-96b2-4ded7e3e3f6f,Amber Brown
a3a312c1-c9df-47a1-a6ca-174d787cdd7e,Mary Mueller
b227e494-8210-4c09-84ac-1751db2144e9,Mary English
28e5bf5a-2766-4457-a495-6704d67e7a0f,Elizabeth Jackson MD
38c53b30-1728-4a03-9553-a0a09d846c4c,Marisa Lewis
3e8ce1ca-165c-47b4-836f-68f0b8fc3a14,Nathan Jones
4be639e0-19c0-408e-9b21-a70b3f880d3d,Brittany Jensen
8115fb20-7159-4761-8d75-48e22a0cfb11,Regina Johnson
5b44f058-b003-4166-8b8d-ba31df8cf69e,Renee Herring
275ca567-eecb-4c05-a22c-51c01f6cb956,Courtney Diaz
4ba10226-f5a0-4383-8ef3-3602a036aed3,Dr. Stefanie Parrish MD
a990caa6-884f-48b8-9cc6-03b64f847fe3,James Gutierrez
3b56aa2b-858e-4528-8da4-98a3741062d2,Ryan Sanders
3231d292-f19e-4558-8883-772e9d369e46,Karen Blackburn
2261f79e-e869-445d-9747-eda4ece78afa,Claudia Schultz
2b2f470a-9fc9-4f5d-b3bb-dd893ed5e757,Benjamin Davis
17feb31f-7ee4-49ae-9396-81b2c3199f74,Gabriel White
dfeedc6a-44d5-4afb-b583-4ff9c704d4b4,Olivia Clark
1cb059f7-dcf6-46ae-920d-98386cd48715,Thomas Johnson
d4072c61-dc99-4885-b159-9675b12cb120,Stephanie Velasquez
9e979aca-f15c-4d4e-bc51-a1216637deae,Jerry Saunders
d4f233b2-6e1b-4c02-9c48-3ee9a5eff0b1,Christopher Davis DDS
f377ccbe-da80-4fcb-8f09-44acba242f8a,Susan Oneill
325b5145-38f1-4e55-91f4-a462c2d9f455,Melissa Cannon
cba2c77e-e059-4c44-bb22-c24d42ad858f,Terry Vargas
ad887597-e3d4-4e60-9f12-c3fb1881185d,Jacob Patrick
00e84cc7-ffd3-43a3-9b66-ef9a67b975f2,Gregory Richardson
d4b9c6bb-3857-4aa2-808a-622c1108a3f1,Gregory Weber
cbb1a91d-4245-410d-b80c-76036ab9f30a,Michael Villanueva
5e66910a-7b3f-49f8-9d20-427da952070c,Catherine Phillips
dbf2b8f8-824a-4cbe-b960-25799af0d909,Jodi Perry
a3f6fb0d-ce5f-4e24-97a3-0bd9364b376e,Christine Phillips
01549e2a-da9a-4dc6-ae29-467725c32b9b,Andrew Griffith
ae4b82d9-7fb3-469c-b7a2-b62ab6e17624,Maria Martinez
6da8530f-afe7-4361-9bcb-96d2d7748905,Bryan Nixon
03175b96-5ac5-4146-b60f-1c2d4b4c9630,Anthony Rowe
4ce98185-78f1-41aa-ab70-1082a2a51200,Sherry Bowman
21dffa4c-526f-4b20-b955-75f93edab430,Margaret Jones
3d37ef47-1698-4dde-a1b8-6f88e927bb47,Carlos Kaufman
8d9bdd11-8fb4-4916-ae7b-28823ffbb8d9,Grant Raymond
24dd089a-353f-4e5f-b605-a4d41d70ed78,Anthony Webb
d8e6653c-2328-4854-8cfd-c5ff6a3c929d,Alexis Mason
67c06526-97a4-4142-84d9-4b2237391e0a,Joe Abbott
9f75c07c-e639-47ab-888b-4ed552d9f452,Mr. James Waters
d848f010-fd17-48f3-91ca-4da1c4e838ad,Devon Gonzalez
3462413b-107b-47e3-8976-d6f43862be66,Sonya Perez
b5322a20-e7d2-4fc9-aa57-6bba49c07fc1,Patrick Richard
51c8fdd3-d92a-4b78-95a3-1ec6ef42f903,Deborah Cervantes
2ea43e0e-662d-4fc4-bc6d-f8e716457602,Yvonne Porter
74458f03-a68c-428b-bb78-b4fdbc0784fb,David Bowers
04e7c3d8-f5cc-40fe-b4cb-d847f4469ce4,Joseph Wong
e41df160-c488-4e51-9319-1b0c78e47dcb,John Kennedy
cde1c951-3bf7-4e20-9c59-a450f8335404,Eric Clark
f3698942-98fd-4b43-83af-5fc3589e1e36,Michael Johnson
e348d422-9175-4e54-8edb-d3b8b037c35d,Jennifer Young
79cffa93-3103-4b63-9999-7ed524001e3f,Gerald Alvarez
3e3bad39-8f6e-4e66-8ef3-535226633f41,Willie Kelley
cd7fd9bd-f65c-4b41-9edd-c4e81ec66fc6,Christopher Klein
76241a48-19c5-4856-820e-238875dd5ccc,Matthew Gonzales
48a03667-6d2c-4dde-808f-be5e92ffd658,Jay Armstrong
10df6213-9c92-4387-809c-b3d580acbcfa,Alicia Bell
03c048c3-012d-40bc-b5c1-72462a7cbcf9,Christopher Smith
0782a88b-da69-43ae-979e-5914b82c9748,Susan Mason
dceb1289-7431-4f2a-8ad6-d1c5f786af60,Emily Gonzalez
3ae81d0b-cedd-4de8-bfbc-70b7c53857fd,Mary Jones PhD
deca6025-ac1f-41d9-94d7-27ff14643776,Craig Reed
831192c8-b864-4bf5-a62f-ff8a088f8de7,Daniel Spencer
3704a4d2-deae-490f-a832-e7d98acb3e51,Adriana Weber
1a4eb367-2940-49c4-8405-0e1074fa390c,Ronald Moss
b9f99eb4-38fa-46c9-8eac-c2737573b967,Robert Stewart
0a61ae44-ff2d-4cba-9efd-2f2028637031,Marcia Carr
4f2680af-f34e-482c-8184-1ae77079024c,Tyler Perez MD
a7ddbd28-e78b-4c3c-903b-07656de605fd,Thomas Carlson
3dbacc02-7ade-4cd6-88fa-41a0e5bfb91a,Destiny Spencer
68d4844a-fb64-44ce-ab06-21bf61776cb2,Andrew Warren
474a0fb0-f66b-4fdd-af41-3f3cb85409d9,Melissa Henry
c0bcfbda-d7d4-4900-99ff-67959dba77c0,Julia Long
c8995da7-28ab-41e1-b9ce-bc6347b18f4a,James Schmidt
9dfa7223-135c-45eb-95ce-dfff11849179,Ryan Luna
c895d8c7-93dc-42a2-b9e1-0a6b099e7066,Carolyn Wagner
37e3e423-d81e-4081-ac96-612302ee94a4,Bradley Brennan
f832762e-8c00-488b-ab49-8a355becf2f9,Martin Evans
c713a3ab-1c32-4125-a622-1be2d79b3fcf,David Meyer
8528a9b8-8f82-48cb-aa04-ec42950e0225,Christopher Harris
ae857607-8106-4e8a-b0cc-1bffd9c0c130,Ashley Peterson
7683cd89-4f6a-4c09-a906-fb57cc32e280,Rebecca Gay
c4ea163d-8a4b-4ecf-8354-c974d75fcd11,Lindsay Fowler
83358d48-1fb1-47af-9b3d-70523cdd0b82,Kimberly Harris
11471428-5a2b-4c7e-a39a-c58e4cca733f,Jessica Benson
9f3e1e16-b843-4ec0-87cb-543609fa44d7,Lauren Warner
ede37aee-d313-4b26-8f7d-8dd1fdf194b1,Laurie Morgan
e12516ea-45ae-40fa-a851-89791726bfa5,Adam Vega
929eae9e-6730-4e08-83e2-bfd4b92a4eb3,Cassandra Kelly
e3225f88-021e-4697-97cf-dab5646264df,Mr. John Watson DDS
6141e208-9452-4a8f-ba7c-2de17809cf13,Melissa Murphy
443ace4b-1f22-4431-812a-fcd984f36907,Joseph Smith
8e3f85f4-1b6b-4c6d-91af-58667da47f71,Diane Hubbard
eebbba92-64cc-4b16-ba9d-d0a50c51ad55,Ronald Noble
3a72f401-b160-494e-b189-feaec09514cf,Connor Savage
77d303bd-bcdf-458d-8d89-5a406648f9bf,Zachary Campbell
c9ed124f-193b-4673-ac4d-8a819d6bf188,Hannah Price
d0e2a97f-4e28-4a4d-91be-04652f05dde5,John Maldonado
a7287848-c490-40ff-b0c3-70ca3a62ca5d,Alexandria White
331002cf-f81f-4760-93a4-643a6ae22ca3,Noah Miller
57cdf9c0-0b90-479f-b532-6256ec5e80e3,Tiffany Acosta
4b0a4e9e-e278-4002-aa42-362bc66c4f19,Teresa Smith
6d3599c3-6ada-47a4-8133-4c8d3b0aaea1,Pamela Moss
bedc69b4-0c96-4881-a4f8-00e4c54305c1,Nicholas Randall
1fa7dc44-f0b9-4c16-bb3c-ce6761f077aa,Susan Reeves
8a581732-c482-471e-8c1c-25d9462b8ca0,Lisa Walters
12e24c51-394f-4286-a4a1-260d50386024,Jeremy Ward
3eca0776-18e8-431b-8d81-1ee87a9fb19a,Samuel Moore
85d7fc3b-868c-4613-90f4-c9c36bd6d591,Michael Little
a5d29f3b-7fe3-4dbd-9590-c1640721f282,Jason Pratt
502efd1e-94ea-4fd1-bd1c-6ee6f7256dba,Meredith Velazquez
d262dbd8-172a-4b7f-84e3-682fdc887f25,Dr. Edward Moore
6199fdc7-9afc-415e-be17-b2d937e6d683,Edwin Martinez
ae6b8aef-2e3f-4c88-a159-6d131f4a86ce,William Contreras
648d064c-3b94-4e58-a0ce-d77920661bf0,Victoria Collins
bdfa8d47-c83e-4488-9b93-a2d916c2162b,Raymond Johnson
05ee5fa7-1eb8-4623-83ad-b82225f6142f,Travis Bennett
830476dd-e054-44bc-91cc-91508c4f35a5,Nathaniel Stewart
c68048d0-5038-4981-b864-1cf9e9321aab,Edward James
2c136db3-3e50-4de2-a43e-fb220503bdb2,Sheena Richardson
879300d6-4bdb-44ec-8e69-8b6513428970,Cynthia Meyer
7968f83c-d51d-4d8e-89cd-3554339018a8,Derrick Santana
1f9af695-54fc-43b4-b0ea-6a5c457697a6,Steven James
7ba6402c-9b86-4cc6-8b6f-b503fca9055e,Dorothy Baker
b69d6fb1-8986-4e6a-b257-64e2158cc079,Mary Price
f9bc71df-65c3-42ff-9bfe-96241e8acb38,Tami Huber
68faa874-af30-40f6-a410-1056a15de498,Daniel Santos
ffe33cf7-f317-447d-94ad-dd75fcde7943,Michael Higgins PhD
5eef117d-acc3-4d54-ad1f-afb7cb3e0e15,Jasmine Reese
e5b8bdcf-78b9-4144-b892-d82789fab747,Robyn Anderson
e0175a25-9cec-4a11-9ae2-724d05e4afe7,Robert Fleming
5c6ef6f7-0b23-4b97-80d3-cf02ef3ac2ba,Patricia Carroll
82fd7230-0064-4b19-bc4d-5f370e3f8ca7,Anne Jenkins
c2b1db84-fc1b-4d7e-b67d-1d5e02ab2015,Keith Cook
278e655a-c88e-43c8-9c5b-5c9555edd385,Tyler Duncan
c1ec4a72-2b7e-4bdf-be94-1a374c05368f,Virginia Espinoza
82f59d91-e529-44f0-87c4-baa0bfaf31e2,Mary Wang
2b993d6c-93ac-4d69-8440-779ed12f2fba,Brenda Dougherty
45cc1c0a-82df-48f5-9dc7-92f16456faaf,Dustin Spears
677869db-4828-4a27-9613-83d4ba310685,Stephanie Ray
d11233a8-8880-48e6-b145-f6db4d64767c,Courtney Johnson
4024760c-2dbe-4b3c-9c79-b124c02ec891,Mark Schaefer
346d687d-c4e5-4396-a90b-41bb1935bcd8,Michael Jones
4fc97b7c-300a-4ab0-b811-4c6675a540fc,Kenneth Bishop
da0814ec-623d-4ced-a5f5-eaa97dcc9736,David Marquez DDS
45663102-a545-4a6d-9fa9-70be5f5ed388,Jasmine Allen
813dadb6-9f9f-4e47-a08d-a0812ee6a768,Michael Schmidt
d4bd1975-0ced-409a-8268-4000e3689c97,Melissa Williams
95bd99b0-f5ba-4ca1-91be-0e96edfd26cb,David Rivera
531be58c-5a55-4a34-9980-faeffff65776,Kelly Lewis
b163a815-c0b4-43be-b5a9-bda4c607a14f,Michael Fernandez Jr.
72b634d7-3818-48fb-b552-8d7e14cf01f5,Michael Cervantes
90fe9e99-1675-4056-8665-6c6add63c281,Margaret Mcneil
721f2b39-09fc-446e-94af-672864852148,Matthew Vance
37ace02f-084c-410d-9785-adc60490892b,Adam Christensen
16ccad1d-cf03-41b9-8e31-5c36f860ed4e,Thomas Mendez
5fa3994d-84fa-4034-a074-a152deaa4e4b,Stephen Knapp
2e6ffaff-48ee-4ef5-814c-70dec529517a,Jamie Patrick
eb8b14eb-730f-48d3-8c0e-2d2f6b91b7c1,David Garrett
26c142b3-0698-4a58-ab7b-97a8a667554f,Steven Norris
232d9bfc-7306-42a4-8786-7f88bd91e7dd,Julie Adams
2a9ac6e8-d0f3-43c1-a0e9-cc9b2e872f3a,Katrina Scott
7dbe22e8-6917-4629-932d-60badab6530d,Kevin Bailey
e1a64866-086c-474f-85fb-14cbcbb68cca,Jeffrey Williams
19e70d6f-bb25-4de2-9353-633a46c3df40,Sara Wong
c3322ea8-030c-4c5a-832d-4ee170eebe16,Taylor Stephens
971c3d1e-b5a9-4388-a3b8-4b302e006f7e,Timothy Cobb
a69d72e7-5ad9-4db9-b624-245493f90193,Karla Wilson
6306b660-f002-4350-99a9-805a7c1a2822,Nicole Dawson
0365547e-2622-4678-8a76-bf5bfb2bb532,Susan Sanders
9786544c-5fc5-4900-8a94-7816bd59f17a,Zachary Simmons
30673584-7cf8-4f52-9086-9896580aa035,Sean Sanford
ebbd4356-9b38-408d-9bf1-25b7a1d28f35,Derrick Williams
2b78154e-f940-4ce9-8d41-3cb93bb51e7f,Lori Douglas
90a20ae9-4c9d-4e24-9514-012608169d40,Anne Harper
49a78c5f-61ea-4c9c-acb7-8068b76a0b99,Eric Miller
36e6dabc-8aaa-4045-8f67-38016d1f2b65,Katherine King
10fd5ab3-df2b-48c5-b00a-d5e06ae38480,Jonathan Keller
f1a9f4a7-82d8-4a83-99d0-62bc44ccbea3,Curtis Martin
5f21e312-7427-40eb-916c-afeaa44ab922,Jordan Conner
cb720823-2c9c-4349-9e63-9ce1f920f97e,Virginia Willis
8a06dfc8-2c47-45cf-be55-74165b4ae8b5,John Jones
d2d658f1-1088-4d61-93bf-b387858e222e,Justin Jordan
c557ecba-422d-4718-91dd-ceb88e45bb01,Heather Adams
94809703-fe31-4d5f-9fe4-ce532d8151c3,Katherine Welch
c38f04ba-1244-4540-a567-889538fd6b81,Erin Shelton
fe5b7a21-4b06-47d5-abc3-cba638b97b38,Andrea Garner
eab5beb2-020c-4147-ad2a-09b8b22653db,Robin Davis
d54d2a74-9acf-4ce2-aa85-eae3408f0306,Heather Tate
d1116345-ef70-4bdc-a402-0389d4615eae,Michael Woodard
575f467e-bfac-43da-8c51-fa4bffceb3a4,Andrew Baker
febbb63d-6302-4774-82b3-875e4902bd5e,Paul Davis
678de2e1-4d2b-4974-90c1-c57797e8d59b,Shannon Martinez
a1760e13-10dd-4454-9468-031ccebd098e,Keith White
2e2facd1-91f2-44d8-9052-5f59d14915d1,Andrew Baker
16fc52ca-1b48-4455-b419-22aac428ad58,William Maldonado
39e814f0-d38f-41f0-ae7f-fdca363a30d0,Devin Willis
d40908f2-aa93-4dc2-b170-9783df50654f,Alexandria Noble
e4bf3fe8-b985-4074-b996-665fb14bb966,Kelly Williams
3588ac74-1209-4abe-9e8a-cb7ef7332af8,Emma Holden
977d1797-992b-4ae5-9c9f-686f01172067,Sierra Howard
8bbad2ed-af3a-4b01-8941-5390a05d792e,Judy Smith
17c28f36-abdc-4bbe-9e88-eeade0bab707,Christina Buckley
d7781cab-d80d-43aa-978f-5d185bfb4777,Nicholas Avery
5ed20246-d142-4933-b822-5b5b318b5fc4,Douglas Velez
b522e957-8be5-4356-b3ce-caa1d371465b,Brandy Castro
669ce28c-f54f-4b74-9d8a-6ac4bf3c94a8,Pamela Grant
46b42d45-5144-41d2-87a7-481065d57bf1,Angela Fitzgerald
fa706959-58f0-4e64-8dda-dafb10186803,Andrew Moore
9a183779-17cc-4566-b3c1-70116edcac7c,Amy Alexander
80c8c038-ccbc-4ac7-9b99-a320e3d04bec,Alexandra Carr
50ed992a-33bb-48ef-9c53-cf65eb13d462,Kenneth Tucker
d19cebce-1863-4c6b-8a66-d62150df36aa,Tyler Richardson
84d21f7f-e6c9-4fcd-8826-adffc25ce343,Kevin Gray
cd41a8ac-459c-4159-8669-a3bc29b3eae8,Corey Thomas
39c7fc8a-fb29-4b9f-8527-afde87a69e53,James Ray
107b8e7e-1ccd-4b4d-ac41-63ffdf73bd36,Aaron Henderson
e17b4605-12df-4fbc-8a03-6d799d14e710,David Perez
7e3f42e0-4162-4a68-981a-4e7ab6cb96ae,Dale Elliott
4fd56432-5a2d-4a87-b2ff-2b085da770bd,Erica Smith
31944b0a-a576-48dd-834a-7060c209486e,Joann Graham
c70c8b37-af4f-45f9-a585-30835f3945f1,Victor Charles
90abd3af-62c3-4df6-b290-50483e8aa92e,Ernest Blevins
a91063d4-9d9a-4770-aba4-fcf2468e2307,Nicole Smith
c45b7a2c-19ba-4965-91f5-6ca83be44384,Brittney Castillo
fed85129-e768-4303-b5b1-de2df9db0e8d,Joshua Yu
50804137-527e-4ee0-a6be-2f15c0ea40f7,Katrina Smith
6b809c7e-faec-4b3d-b77a-b12dfadb9964,Ashley Oliver
39fa0d85-085a-4d55-ad52-66088ab23c6b,Amanda Lopez
b212a31d-826d-4280-98e5-d5bc1385556d,Maria Delgado
abeb189a-6c33-4617-bf1e-75d67511485e,Andrew Carroll
b2e55ce6-636f-490e-83b2-5580399277aa,Rodney Clark
98d9ac8a-e0e4-4e8c-b7ce-01fb44659216,Vanessa Vaughn
7fca7601-1452-4e57-9b48-7b64a68b3249,Michael Rose
6132486b-0420-4228-936b-4caf6a867b02,Paul Frey
eddf4143-8a20-4341-927d-0c266046ede0,Tracy Shaffer
7fd2a730-85d4-46b5-bd39-372c13c3a745,Randy Willis
cfd2fdd3-5fff-49f0-9a11-ddc93da8242c,Carolyn Terry
4482acb8-13eb-4241-bad3-a830474abff4,Daniel Reyes
bbd0b9a2-b92a-48ef-842f-777700c42bfc,Daniel Chase
f0707571-784c-4b5b-a3cf-8b90de3cb2e7,Sharon Scott
c24a7620-c229-491d-9a1d-bdc51a31f1db,Deborah Taylor
be180133-1b73-4ed9-a811-fc1f1aad1758,Jennifer Jennings
07712320-f21c-4004-a801-a385f3b1c836,Benjamin Bailey
3f8684fc-e75e-466f-98a5-32d5862fee40,Nicholas Mcgee
8e30c35e-cc6c-4e76-b819-b46cc9db7008,Julie Bates
25ae3d82-c2ae-4d81-8208-34a788ac6948,Brandon Patterson
4090f329-6029-4e13-aa74-810ed37abcea,Ann Johnson
661abcac-1a46-415f-86c8-302f935ca6c2,Jared Bush
afdd149e-4dc0-432a-8234-f1d7908b5bd4,Jennifer Donaldson
19c930ef-d8f9-464a-aee4-22a75d70554c,Kendra Maldonado
254f9fa8-6253-485e-ad75-37b74d247665,Charles Patterson
080bad72-5566-498f-96e3-b1a0e6f224ae,Brooke Carey
c23994f7-647d-4b95-a152-c4bef772d0dd,Julie Dennis
40534e37-61c0-4a7d-bae4-53326568f107,Christina Cervantes
1622b738-c1de-4426-83d2-ea8192666078,Andrew Hanna
f362b025-56fe-4196-a9b6-c357371c513c,Anna Medina
0d2511de-0c0c-4cb6-9c39-d1999e0fd466,Amy Summers
312beb60-6477-4a63-abf1-ab33a9fe6c6a,Heather Barnes
05ae008d-57cf-478e-98ae-f8c52efb7ea5,Monica Myers
65d219d4-99b5-4b4c-b3bb-fa1acca4eb2a,Justin Petersen
d9252df2-e758-459d-8d05-60d38e55843b,Rebecca Phillips
16c104b3-8814-4397-b489-751f517b3a4a,Vincent Thomas
9b02615b-2eb7-40a7-b947-d14e59e2c04e,Kenneth Soto
9402fec3-16c7-4264-91b2-209955b1ae8e,Michael Middleton
b1919e02-cbb0-4369-8016-aaf7e1cc04b7,Shelby Ross
581c7580-b638-4eeb-bcb7-a647c06a95ff,Becky Callahan
ae956afd-8c2d-4f64-bcfa-edadaa60a9b2,Gavin Randall
9f40c427-35cb-4065-b06c-73e57634bf9b,Joel Norris
9236804f-19b6-49e7-9f1f-88badbcbb2a3,Sydney Nichols
e5c5db1c-39ac-4974-a7e9-9237e85f3b89,Catherine Ferrell
3cc5b3ac-e048-47d9-b844-28a826602cb2,Jonathan Thomas
8c7ffd32-b85e-4133-bf47-e098fbad5b78,Tina Johnson
40dc5c08-98b3-44f0-8907-e4981ea7ce55,Alexander Shaffer
d1f5436f-4eb2-4fd9-8bfc-d8b366478f58,Trevor Hinton
6017e4b5-5103-444e-821a-3f13bccc7aaa,Charles Marshall
7116608b-d051-4198-b3a6-1064958ec3a2,Ashley Fowler
d677ebe6-3c6d-41df-a60c-0b99182496a2,Dr. Adam Mcconnell
f91ae20c-429f-402d-b9cd-7dab1c6c215b,Charles Clark
1fdf538b-a3b5-460f-8374-75a730faa230,Kyle Franklin
6a63c45e-6755-416d-8e91-7785943572ef,Jason Steele
78eceb28-f882-43c9-bb38-73d4fed45637,Heather Liu
49729bd6-ec6c-4803-8b79-c4bc8198af54,Kevin Montgomery
70ab9428-0daa-40cd-b4b9-72631e00b559,Cynthia Mcclure
5c5337eb-cb2f-4046-bcad-92cdceaad264,Wendy Harris
b834e21f-e425-45f0-922b-f3fcef0619aa,Lauren Smith
376e7240-a7a1-47a7-8732-36e8027d45ad,Paige Rose
94047f48-7eea-4111-8923-5cba630b87a0,Jeanette Cox
88ce5f18-63ed-4200-85b9-24a46aca378b,Mark Conner
a279da27-1760-46e1-8f59-04a1d24ea81f,Cameron Young
a1fbfd85-a737-4b55-a0fe-a6742f4dbb58,Martha Lee
d72ed8de-1c5d-45ac-b15e-86f8048f30e6,Rodney Rose
79e7f80d-7075-4624-a2cc-2b75e5f377ae,Justin Lewis
75bc5741-7f45-4ecf-8fc4-cfbd1e5196c0,Mrs. Ruth Ramirez
1ee5e5c2-d84f-41b1-bf4e-9fcb3b52e11a,Brandon Johnson
bbb18de6-e285-46da-8f9a-e8cf2a413c66,Allen Craig Jr.
7a7985c5-3061-4d02-a165-46a4a7dae61d,Victoria West
0036000a-5842-4d78-a829-25686adaccb3,Molly Sanchez
5b14a7f0-3a89-484a-a278-36d1b01bb6e6,Scott Vaughn
4c0f638c-d564-4462-be8b-364216255a89,Susan Johnson
15fe1f9c-8a5c-4c28-a93e-9f0ed8474c59,Joseph Davila
15cfb6b2-0581-4477-a6fa-f6562b17b8b6,Kellie Garcia
76f970d7-9c67-48db-8057-c7393201a3ac,Mrs. Mary Richardson DDS
7fe447d0-7f3c-44ff-b664-0af27cc0fa94,Meghan Bennett
8c2aa0b7-c187-4d35-86d9-568146bb917b,Jeff Rodriguez
90a5eb3f-ffa9-4b71-895c-db6015a9a77f,Walter Miles
121d9687-b2bf-4a68-9277-9b5f67bdd642,Rachel Beck
ccdcd45e-afce-4866-96f1-e151b072d8cb,Ashley Perez
0b6f28dd-c9f9-463b-9c12-f7db73d3e2ce,Amy Wade
b7211786-ca38-48ab-8116-931d0f1bcc95,Timothy Reyes
51e386d6-5cfb-46bd-b59d-5b579ec3e9dc,Laurie James
5de1a4a4-8023-4710-9d5b-3816396740e4,Tiffany Barrett
7ccd1392-12d0-41ef-8d86-a3bc937238f2,Albert Lowery
90dcfdb7-ee93-49d0-b859-7eaf7d0db227,Emily Hall
74cb2372-d2a6-4611-8e61-f3efcfae4199,John Smith
1c21184c-0d5e-442b-bed3-0a0ec24fee52,Mark Sharp
257a5378-c90f-48e9-9986-31ac060e0d49,Gregg Jones
c66a4039-9982-4358-9858-ff0c51f67456,Gregory Gomez PhD
54641269-f73d-410e-8fb9-2d702c2cc58b,Stephen Johnson
e542c892-53b2-46fb-a515-ebaec55af5dd,Steven Stephens
74f350f2-c8c0-449c-9454-05ba97d0689a,Kelly Davidson
b9525408-6c69-4fb2-8e30-449f7eb0b1a4,John Hernandez
c48c8151-1779-4af2-aa8f-5b72715021ef,Veronica Carroll
4fb80a86-a555-4776-bea8-30ced3c2f694,Jared Carter
d20016a0-ead4-43a2-9e79-db3b45fbe478,Peter House
ec2e0765-7350-4e4a-a213-d5bc6e42feb9,Laura Marshall
8e5625fd-2896-45ce-b239-4074c43584bf,Vanessa Mitchell
80f085b6-9fd4-4a3c-8ab4-314b50b0e099,Tina Hodges
0d67ee7a-2e04-4f0f-bdfb-5f12d771f8c8,Justin Smith
b6c6627e-35c3-458e-bd1d-e850008ce1c1,Shannon Williams
140c4794-4d0e-4e8d-9053-d2d4745d94a5,Angela Marshall
0c3b2ea7-cb91-49a8-b10e-b84f1df13db1,Caitlyn Thompson
8a576989-74a1-446a-850f-e9fd8fece3cd,Teresa Keller
cfb63ac3-4d7d-4cb3-9ddb-725b4ec556ff,Mr. Randy Larson
40d6eb97-8d0d-48ad-9fd9-5783b86b3216,Aaron Haynes
a9e19f54-ba3d-42d9-be1b-481d3307bbf2,Gina Jones
67246cd3-cf3c-4de4-af80-d894a3265ee7,Robert Fox
9046023e-a721-407a-b76c-abd286bd71e2,Mitchell Allen
faa87c50-ddc4-4200-b667-975cf43cc815,Sheila Valdez
af3997fe-fc87-4b21-8e17-e17fd986ea2c,Debra Jordan
b92b742e-c909-4d40-ac49-311bf4d58765,James Martinez
26e93023-9349-45c8-b1b8-0c23d9b00f03,Erika Kirby
1aec8718-b4f7-4397-8c56-b29e0fb98db9,Dawn Sims
2763db07-8d8f-43b9-bf07-3ad117949052,Kiara Guerra
a855f5a5-79f9-406a-843c-499fecbbd7dc,Shannon Rodriguez
78e2df20-b284-4692-8c9a-a18a97ef88e7,Linda Acosta
06b4628c-2129-4f2c-a03a-7f2d69685bac,Mr. Brian Carrillo
cac1c32a-5b3d-4867-bd1f-fd602452e748,Thomas Chan
7287edd4-2754-4766-bf89-682b87b6525e,Daniel Arnold
f781c4ff-d8fd-4d37-b843-6ff19351b1fe,Michael James
ff89f2e1-d2e4-45ab-8324-3e43d841dc1e,Jennifer Mcpherson
d68b76ed-5a3f-4836-afe5-e6b743a493bc,Charlotte Perez
f26c2fd0-3a5a-4853-8345-10f3782436e0,Marissa Todd
43cf1780-5005-4b58-b0e2-87c9f50a4e80,Megan Allen
cb43cf88-0c09-4ea0-a081-146461480de1,Alexander Gould
53154bd2-2eef-45fa-8ae7-dde08765e39f,Kevin Salazar
38c41bd3-f79c-495b-8395-3477e0e01f91,Donna Nicholson DDS
884f0259-f61e-4edf-8a39-60c1ea068e8e,Leslie Morgan
c446f326-3dfe-4452-b467-b292210a24ce,Veronica Holloway
56c47f37-196c-4a76-b299-36858fa77d65,Scott Evans
b2ab5a32-b2a8-4db6-a798-2e09135afcfe,Megan Gutierrez
3da9382f-25dc-4b71-bb57-1baa56391a05,Heidi Ferguson
87ac77d8-844e-443c-b6a7-32e31dc82c71,Bailey Curtis
701d4378-1fbc-417b-bd16-ecf46758f07d,Charles Mayer
ddf053c3-96e1-489b-9495-8449532dda82,Patrick Powell
48b63807-301d-49e3-90b6-3bc9c06846b4,Janet Irwin
330ee3a5-be77-48aa-8bac-b8e288a1cb44,Kelly Frost
7305242b-11bb-4353-8541-c84cb671ed39,Angela Gutierrez
885026d0-251c-4bc3-980d-9c6d10d77ec0,David Merritt
0a4ffa07-50c7-4aaa-9a5d-d13c4e1ffa72,Anthony Wright
e9de4220-d6ab-4066-b820-0ef3d469aabe,Rodney Mcmillan
3c0a977e-22c7-4c21-b2e4-4e49d2517776,Melissa Cook
1675dfb8-b71f-4489-ac6b-677d8a987f34,Jordan Cole
ed05ae51-d604-439f-9247-9287f974baa2,Tammy Mitchell
fad3d9e3-1366-4af9-a084-09551ee1e294,Lori Walker
cf4b3b55-bfc7-45ab-9cc2-70a05855a169,Ashley Hughes
36d82fa0-c4ea-4d0e-97f3-671677ebd354,Dana Choi
5b54ded6-3efd-4099-94b9-44fce30297f7,Maurice Jacobs
910bc7d4-006b-4644-877a-8f5db497d9ed,David Cook
6803c877-01a7-49ec-ac6f-1129e18af73e,Kirk Blanchard
7f1e4cd3-4824-4383-a270-9578e986b5f2,Richard Guerrero
d964b8a1-7f7f-4782-8fdd-a7799d87dd12,John Morris
8976ebf9-1a9d-41ad-b41b-0a6075300650,Adrian Nelson
c0eae342-5c6e-4dd4-a5aa-8293537db06c,April Gibson
38532295-915f-4878-9d9a-473ca2894357,Amanda Myers
81b6256f-b6a9-4749-9acd-dca7d4a4a76c,Gina Curtis
182e624d-6710-4848-8eec-a3878511cba2,Lisa Drake
8eecdf59-34b5-43fc-9bd6-b28e93f0e00e,Megan Hines
07957bcd-af19-497c-a581-be19512aa311,April Reyes
c77b466c-d308-4dc9-aa2e-4f5e1dd10275,Tiffany Davis
d94e902b-9808-4d07-9ecc-b4623ef75f3f,Shannon Dudley
0161a979-afc2-403a-9cec-ae74391ab72d,Jill Johnson
14bb92a1-4ce2-4072-8f7c-73f5aba7ac96,Heidi Short
713e68f7-37ef-4049-9f82-78700ae3e183,Natasha Hall MD
4284b073-7f40-4add-a404-9c7f2a74ec0a,Shelly Collins
f47cc25d-7756-4c0a-8c07-b086992a4614,Mary Watkins
d075725a-2f89-4ac1-97fd-da13a6b09f53,Dominic Cain
c2b779ea-6b88-4845-b4b6-623161d36f93,Elijah Jones
0c9bac5b-8707-458d-a9a2-c56f0be4fa2d,Curtis Hurley
d34733d0-3796-4a8e-a480-b0ac6e315982,Taylor White
d716b5b9-c225-4bc0-b66f-053aaf6fdd9a,Heather Velez
933dc45c-52bb-4b2e-88a6-22005ff8fd5d,Brian Harding
5b681613-7363-4ab2-bbdb-8d5d2726c44e,Jennifer Sanchez
60a930ed-98f2-4e22-96b6-77bff07fe754,Richard Douglas
d5deade7-1c97-4096-8688-b1f61c79fce0,Tyler Clay
e0cff0d8-526d-45de-b137-961f4d762580,Stephanie Santiago
5d19318b-8aa9-4b95-86a3-333afa31071b,William Mosley
188db55a-5376-4406-bc90-fb41d0c3cda6,Lauren Turner
8b2a90b8-89eb-48d8-84ec-72a8df8518cf,Hannah Garcia
8f42be9c-1b65-47d9-b6e9-6cb8e90d34ba,Joshua Lopez
f9858878-2cdb-4673-9061-f0e9cc28f5d3,Dana Beltran
f4744dfc-ca61-4c24-a6f7-4fbc2e643604,Samuel Walsh
76d06b95-969c-4cb9-9a6d-03e530c06bd2,Corey Payne
1aaac9c6-27d2-472c-965a-e27d7ad832d4,Carrie Foster
b1b08b25-db14-4c33-a0eb-28bc49f3520c,Katherine Booth
1a712366-0ed2-41a5-9a0f-2577316fc55f,Michael Jordan
20485337-a5ca-472e-b1ad-97141aa47396,Tracy Austin
24dcec39-e3fe-4704-bf26-d5bdcb23ce81,Kristin Jones
7c325d15-3247-4934-b8d5-540e1397b47a,Brian Kemp
84096cd7-92ce-40a2-928b-eb4de951fc9d,Michael Hughes
7968a3c1-fddc-40bc-9120-0bba4aa4409f,Courtney Schwartz
c8e838d8-55f1-4cc0-a1a4-23547bab96e2,Robert Clark
144d8b75-2d3d-443a-a611-22034e890a20,Danny Brooks
89b77754-be6e-499c-b0f2-20476bff291f,Tiffany Edwards
d4c8baea-b5f0-4bd0-a15a-5141a42d9110,Mark Smith
409e1292-363e-48c1-abb7-13becbc50e41,Robert Sullivan
27954b3e-c6e5-44cb-911f-db29dc38dba0,Patrick Johnson
f8541b8a-c85d-4a4e-a0c6-051c827dddb0,Kathryn Morton
9df05288-8e91-4106-856a-40257389fa39,Johnny Mclean
78f73b7d-4d5e-4f9f-8529-4876e20ce248,Joseph Walker
44d2f612-f904-48b5-b89a-22d17a60d877,Richard Stewart
448bc229-d8ac-4959-b636-2ced8c6f6fc5,Tina Norris
